file,section_type,json_path,setting,english,spanish,status
templates/article.json,main-article,sections.main.blocks.share.settings,share_label,Share,Compartir,translated
templates/article.json,fgp-related-articles,sections.fgp_related_articles.settings,heading,More from our Blog,Más de nuestro blog,translated
templates/article.json,fgp-subfooter,sections.fgp_subfooter_article.settings,hashtag,#FeelGoodWithin,#FeelGoodWithin,identical
templates/article.json,fgp-subfooter,sections.fgp_subfooter_article.settings,ig_handle,feel.goodpharma,feel.goodpharma,identical
templates/blog.json,fgp-blog-hero,sections.fgp_blog_hero.settings,eyebrow,WELLNESS TIPS & UPDATES,CONSEJOS DE BIENESTAR Y NOVEDADES,translated
templates/blog.json,fgp-blog-hero,sections.fgp_blog_hero.settings,heading,Blog,Blog,translated
templates/blog.json,fgp-blog-hero,sections.fgp_blog_hero.settings,subtext,Science-backed tips to help you feel good from the inside out.,Consejos respaldados por la ciencia para ayudarte a sentirte bien de adentro hacia afuera.,translated
templates/blog.json,fgp-subfooter,sections.fgp_subfooter_blog.settings,hashtag,#FeelGoodWithin,#FeelGoodWithin,identical
templates/blog.json,fgp-subfooter,sections.fgp_subfooter_blog.settings,ig_handle,feel.goodpharma,feel.goodpharma,identical
templates/index.json,fgp-hero-multi,sections.fgp_hero_multi_Qt6XNd.blocks.symptom_9LcLEX.settings,label,Stress,Estrés,translated
templates/index.json,fgp-hero-multi,sections.fgp_hero_multi_Qt6XNd.blocks.symptom_Czacg9.settings,label,Gluten intolerance,Intolerancia al gluten,translated
templates/index.json,fgp-hero-multi,sections.fgp_hero_multi_Qt6XNd.blocks.symptom_84T8f3.settings,label,Lactose intolerance,Intolerancia a la lactosa,translated
templates/index.json,fgp-hero-multi,sections.fgp_hero_multi_Qt6XNd.blocks.symptom_8DJzUP.settings,label,Constipation or Diarrhea,Estreñimiento o diarrea,translated
templates/index.json,fgp-hero-multi,sections.fgp_hero_multi_Qt6XNd.blocks.symptom_hijUjK.settings,label,Irritable Bowel Syndrome,Síndrome de intestino irritable,translated
templates/index.json,fgp-hero-multi,sections.fgp_hero_multi_Qt6XNd.blocks.symptom_en4tU4.settings,label,Low defenses,Bajas defensas,translated
templates/index.json,fgp-logo-carousel,sections.fgp_logo_carousel_jRLBaA.settings,section_label,As seen in,Como se vio en,translated
templates/index.json,fgp-logo-carousel,sections.fgp_logo_carousel_jRLBaA.blocks.logo_Mpn7K6.settings,logo_alt,Amazon Partner,Socio Amazon,translated
templates/index.json,fgp-logo-carousel,sections.fgp_logo_carousel_jRLBaA.blocks.logo_QmkzCL.settings,logo_alt,Clinica Biblica Partner,Socio Clínica Bíblica,translated
templates/index.json,fgp-logo-carousel,sections.fgp_logo_carousel_jRLBaA.blocks.logo_ezYUPA.settings,logo_alt,Partner,Socio,translated
templates/index.json,fgp-logo-carousel,sections.fgp_logo_carousel_jRLBaA.blocks.logo_wcx4TA.settings,logo_alt,Partner,Socio,translated
templates/index.json,fgp-logo-carousel,sections.fgp_logo_carousel_jRLBaA.blocks.logo_CmkGqk.settings,logo_alt,Partner,Socio,translated
templates/index.json,image-with-text,sections.b8b0c886-8d85-4099-b9f2-61e11d876167.blocks.template--18478760722753__b8b0c886-8d85-4099-b9f2-61e11d876167-16798913418e874d38-0.settings,heading,<strong>Is it a gut feeling or</strong>,<strong>¿Es una simple sensación o</strong>,translated
templates/index.json,image-with-text,sections.b8b0c886-8d85-4099-b9f2-61e11d876167.blocks.template--18478760722753__b8b0c886-8d85-4099-b9f2-61e11d876167-16798913418e874d38-1.settings,text,<h2>prebiótico<br/>probiótico<br/>postbiótico</h2>,<h2>prebiótico<br/>probiótico<br/>postbiótico</h2>,translated
templates/index.json,image-with-text,sections.b8b0c886-8d85-4099-b9f2-61e11d876167.blocks.template--18478760722753__b8b0c886-8d85-4099-b9f2-61e11d876167-16798913418e874d38-2.settings,button_label,Comprar,Comprar,translated
templates/index.json,fgp-synbiotic-feature,sections.fgp_synbiotic_feature_jkwUPt.settings,eyebrow,DIGESTIVE ENZYMES,ENZIMAS DIGESTIVAS,translated
templates/index.json,fgp-synbiotic-feature,sections.fgp_synbiotic_feature_jkwUPt.settings,title,SYNBIOTIC+,SYNBIOTIC+,translated
templates/index.json,fgp-synbiotic-feature,sections.fgp_synbiotic_feature_jkwUPt.settings,description,<p>Formulation designed to provide <strong>digestive and immune support and balance the gut microbiome.</strong></p>,<p>Formulación diseñada para brindar <strong>apoyo digestivo e inmunológico y equilibrar la microbiota intestinal.</strong></p>,translated
templates/index.json,fgp-synbiotic-feature,sections.fgp_synbiotic_feature_jkwUPt.settings,cta_label,Shop Synbiotic+,Comprar Synbiotic+,translated
templates/index.json,fgp-goodbye-symptoms,sections.fgp_goodbye_symptoms_ULcw7q.settings,label_1,Gluten intolerance,Intolerancia al gluten,translated
templates/index.json,fgp-goodbye-symptoms,sections.fgp_goodbye_symptoms_ULcw7q.settings,label_2,Lactose intolerance,Intolerancia a la lactosa,translated
templates/index.json,fgp-goodbye-symptoms,sections.fgp_goodbye_symptoms_ULcw7q.settings,label_3,Constipation or diarrhea,Estreñimiento o diarrea,translated
templates/index.json,fgp-goodbye-symptoms,sections.fgp_goodbye_symptoms_ULcw7q.settings,label_4,Intestinal imbalance due to antibiotics,Desequilibrio intestinal por antibióticos,translated
templates/index.json,fgp-goodbye-symptoms,sections.fgp_goodbye_symptoms_ULcw7q.settings,label_5,Low defenses,Bajas defensas,translated
templates/index.json,fgp-founder-quote,sections.fgp_founder_quote_q3JAYQ.settings,founder_name,"Dr. Katherine Jiménez, Founder","Dra. Katherine Jiménez, Fundadora",translated
templates/index.json,fgp-founder-quote,sections.fgp_founder_quote_q3JAYQ.settings,quote,"I founded Feel Good Pharma to help people truly feel good again - from the inside out. Each formula is developed with scientific precision and innovative ingredients that support the body's natural balance, so you can feel your best every day.","Fundé Feel Good Pharma para ayudar a las personas a volver a sentirse verdaderamente bien, de adentro hacia afuera. Cada fórmula se desarrolla con precisión científica e ingredientes innovadores que apoyan el equilibrio natural del cuerpo, para que puedas sentirte al máximo cada día.",translated
templates/index.json,fgp-founder-quote,sections.fgp_founder_quote_q3JAYQ.settings,cta_label,View more,Ver más,translated
templates/index.json,fgp-kids-feature,sections.fgp_kids_feature_main.settings,badge_subtext,2 capsules · 3 times a day,2 cápsulas · 3 veces al día,translated
templates/index.json,fgp-kids-feature,sections.fgp_kids_feature_main.settings,eyebrow,KIDS,NIÑOS,translated
templates/index.json,fgp-kids-feature,sections.fgp_kids_feature_main.settings,title,KIDS PROBIOTICS,PROBIÓTICOS PARA NIÑOS,translated
templates/index.json,fgp-kids-feature,sections.fgp_kids_feature_main.settings,description,"<p>Formulation specially designed to <strong>support digestive health, strengthen immunity, and balance the gut microbiome</strong> of your little ones.</p>","<p>Formulación especialmente diseñada para <strong>favorecer la salud digestiva, fortalecer la inmunidad y equilibrar la microbiota intestinal</strong> de los más pequeños.</p>",translated
templates/index.json,fgp-kids-feature,sections.fgp_kids_feature_main.settings,cta_label,Shop Kids 60,Comprar Kids 60,translated
templates/index.json,fgp-kids-feature,sections.fgp_kids_feature_main.settings,cta2_label,Shop Kids 30,Comprar Kids 30,translated
templates/index.json,fgp-kids-symptoms,sections.fgp_kids_symptoms_main.settings,heading,"With KIDS PROBIOTICS, your child will never have to suffer from:","Con PROBIÓTICOS PARA NIÑOS, tu hijo nunca más tendrá que sufrir de:",translated
templates/index.json,fgp-kids-symptoms,sections.fgp_kids_symptoms_main.settings,label_1,Constipation or diarrhea,Estreñimiento o diarrea,translated
templates/index.json,fgp-kids-symptoms,sections.fgp_kids_symptoms_main.settings,label_2,Intestinal imbalance due to antibiotics,Desequilibrio intestinal por antibióticos,translated
templates/index.json,fgp-kids-symptoms,sections.fgp_kids_symptoms_main.settings,label_3,Low defenses,Bajas defensas,translated
templates/index.json,fgp-video-cards,sections.fgp_video_cards_main.settings,section_label,Products,Productos,translated
templates/index.json,fgp-video-cards,sections.fgp_video_cards_main.blocks.vcard_1.settings,title,SYNBIOTIC +,SYNBIOTIC +,translated
templates/index.json,fgp-video-cards,sections.fgp_video_cards_main.blocks.vcard_1.settings,subtitle,"Prebiotic, probiotic, postbiotic and enzymes","Prebiótico, probiótico, postbiótico y enzimas",translated
templates/index.json,fgp-video-cards,sections.fgp_video_cards_main.blocks.vcard_1.settings,cta_label,Shop,Comprar,translated
templates/index.json,fgp-video-cards,sections.fgp_video_cards_main.blocks.vcard_2.settings,title,KIDS PROBIOTICS,PROBIÓTICOS PARA NIÑOS,translated
templates/index.json,fgp-video-cards,sections.fgp_video_cards_main.blocks.vcard_2.settings,subtitle,4 in 1 formula for your little ones,Fórmula 4 en 1 para los más pequeños,translated
templates/index.json,fgp-video-cards,sections.fgp_video_cards_main.blocks.vcard_2.settings,cta_label,Shop,Comprar,translated
templates/index.json,fgp-icon-strip,sections.fgp_icon_strip_Ya38Fq.settings,aria_label,Product benefits,Beneficios del producto,translated
templates/index.json,fgp-icon-strip,sections.fgp_icon_strip_Ya38Fq.blocks.item_CyxFwm.settings,label,Spore based probiotics,Probióticos a base de esporas,translated
templates/index.json,fgp-icon-strip,sections.fgp_icon_strip_Ya38Fq.blocks.item_yaLXzU.settings,label,Plant Based ingredients,Ingredientes de origen vegetal,translated
templates/index.json,fgp-icon-strip,sections.fgp_icon_strip_Ya38Fq.blocks.item_wJkJVN.settings,label,Replenishes Beneficial Bacteria®,Repone bacterias beneficiosas®,translated
templates/index.json,fgp-icon-strip,sections.fgp_icon_strip_Ya38Fq.blocks.item_8QpQbU.settings,label,Strengthens Gut Barrier®,Fortalece la barrera intestinal®,translated
templates/index.json,fgp-icon-strip,sections.fgp_icon_strip_Ya38Fq.blocks.item_UFd4ai.settings,label,Improves Nutrient Absorption®,Mejora la absorción de nutrientes®,translated
templates/index.json,fgp-icon-strip,sections.fgp_icon_strip_Ya38Fq.blocks.item_cnazY9.settings,label,Non GMO,Sin OGM,translated
templates/index.json,fgp-products-grid,sections.fgp_products_grid_main.settings,cta_label,Shop Now,Comprar ahora,translated
templates/index.json,fgp-products-grid,sections.fgp_products_grid_main.blocks.product_1.settings,eyebrow,DIGESTIVE ENZYMES,ENZIMAS DIGESTIVAS,translated
templates/index.json,fgp-products-grid,sections.fgp_products_grid_main.blocks.product_1.settings,placeholder_title,Synbiotic+,Synbiotic+,translated
templates/index.json,fgp-products-grid,sections.fgp_products_grid_main.blocks.product_1.settings,cta_label,Shop Synbiotic+,Comprar Synbiotic+,translated
templates/index.json,fgp-products-grid,sections.fgp_products_grid_main.blocks.product_2.settings,eyebrow,KIDS,NIÑOS,translated
templates/index.json,fgp-products-grid,sections.fgp_products_grid_main.blocks.product_2.settings,placeholder_title,Kids Probiotics,Probióticos para Niños,translated
templates/index.json,fgp-products-grid,sections.fgp_products_grid_main.blocks.product_2.settings,cta_label,Shop Kids Probiotics,Comprar Probióticos para Niños,translated
templates/index.json,fgp-products-grid,sections.fgp_products_grid_main.blocks.product_3.settings,eyebrow,DIGESTIVE ENZYMES,ENZIMAS DIGESTIVAS,translated
templates/index.json,fgp-products-grid,sections.fgp_products_grid_main.blocks.product_3.settings,placeholder_title,Digestive Enzymes,Enzimas digestivas,translated
templates/index.json,fgp-products-grid,sections.fgp_products_grid_main.blocks.product_3.settings,cta_label,Shop Enzymes,Comprar enzimas,translated
templates/index.json,fgp-doctor-testimonials,sections.fgp_doctor_testimonials_main.settings,eyebrow,TRUSTED BY PROFESSIONALS,RESPALDADO POR PROFESIONALES,translated
templates/index.json,fgp-doctor-testimonials,sections.fgp_doctor_testimonials_main.settings,heading,Recommended by Doctors,Recomendado por médicos,translated
templates/index.json,fgp-doctor-testimonials,sections.fgp_doctor_testimonials_main.blocks.doctor_1.settings,name,Dra. Nancy Conejo,Dra. Nancy Conejo,identical
templates/index.json,fgp-doctor-testimonials,sections.fgp_doctor_testimonials_main.blocks.doctor_1.settings,specialty,Pediatrician | Neonatologist,Pediatra | Neonatóloga,translated
templates/index.json,fgp-doctor-testimonials,sections.fgp_doctor_testimonials_main.blocks.doctor_1.settings,ig_handle,@pediatranancyconejo,@pediatranancyconejo,identical
templates/index.json,fgp-doctor-testimonials,sections.fgp_doctor_testimonials_main.blocks.doctor_1.settings,quote,"Pairing probiotics with a balanced diet rich in whole foods, fiber, and hydration is the key to long-term wellness. That's why synbiotic and kids probiotics are designed to complement your family healthy lifestyle.""","Combinar probióticos con una dieta equilibrada rica en alimentos integrales, fibra e hidratación es la clave del bienestar a largo plazo. Por eso Synbiotic y Probióticos para Niños están diseñados para complementar el estilo de vida saludable de tu familia.""",translated
templates/index.json,fgp-doctor-testimonials,sections.fgp_doctor_testimonials_main.blocks.doctor_2.settings,name,Doctora Von Saalfeld,Doctora Von Saalfeld,identical
templates/index.json,fgp-doctor-testimonials,sections.fgp_doctor_testimonials_main.blocks.doctor_2.settings,specialty,Nutricionista,Nutricionista,translated
templates/index.json,fgp-doctor-testimonials,sections.fgp_doctor_testimonials_main.blocks.doctor_2.settings,ig_handle,@cnvs_nutricion,@cnvs_nutricion,identical
templates/index.json,fgp-doctor-testimonials,sections.fgp_doctor_testimonials_main.blocks.doctor_2.settings,quote,"Synbiotic + works amazing as a complement to a balanced diet on patients with Irritable Bowel Sindrome and other digestive issues.""","Synbiotic + funciona increíblemente bien como complemento de una dieta equilibrada en pacientes con síndrome de intestino irritable y otros problemas digestivos.""",translated
templates/index.json,fgp-doctor-testimonials,sections.fgp_doctor_testimonials_main.blocks.doctor_3.settings,name,Dr. Name Lastname,Dr. Nombre Apellido,translated
templates/index.json,fgp-doctor-testimonials,sections.fgp_doctor_testimonials_main.blocks.doctor_3.settings,specialty,Internal Medicine,Medicina interna,translated
templates/index.json,fgp-doctor-testimonials,sections.fgp_doctor_testimonials_main.blocks.doctor_3.settings,quote,A scientifically sound product that truly delivers results. I trust Feel Good Pharma for its quality and transparency.,Un producto científicamente sólido que realmente da resultados. Confío en Feel Good Pharma por su calidad y transparencia.,translated
templates/index.json,fgp-customer-reviews,sections.fgp_customer_reviews_main.settings,eyebrow,WHAT OUR CUSTOMERS SAY,LO QUE DICEN NUESTROS CLIENTES,translated
templates/index.json,fgp-customer-reviews,sections.fgp_customer_reviews_main.settings,heading,Loved by Customers,Preferido por los clientes,translated
templates/index.json,fgp-customer-reviews,sections.fgp_customer_reviews_main.blocks.review_fXj9kK.settings,review,I've been using this product for 3 months and I feel incredible. My digestion has improved tremendously and I have more energy than ever!,Llevo 3 meses usando este producto y me siento increíble. Mi digestión ha mejorado muchísimo y tengo más energía que nunca.,translated
templates/index.json,fgp-customer-reviews,sections.fgp_customer_reviews_main.blocks.review_fXj9kK.settings,name,Maria G.,Maria G.,identical
templates/index.json,fgp-customer-reviews,sections.fgp_customer_reviews_main.blocks.review_fXj9kK.settings,location,"San José, Costa Rica","San José, Costa Rica",identical
templates/index.json,fgp-customer-reviews,sections.fgp_customer_reviews_main.blocks.review_1.settings,review,I've been using Synbiotic+ for 3 months and my digestion has improved tremendously. I have more energy and feel incredible!,Llevo 3 meses usando Synbiotic+ y mi digestión ha mejorado muchísimo. Tengo más energía y me siento increíble.,translated
templates/index.json,fgp-customer-reviews,sections.fgp_customer_reviews_main.blocks.review_1.settings,name,Maria G.,Maria G.,identical
templates/index.json,fgp-customer-reviews,sections.fgp_customer_reviews_main.blocks.review_1.settings,location,"San José, Costa Rica","San José, Costa Rica",identical
templates/index.json,fgp-customer-reviews,sections.fgp_customer_reviews_main.blocks.review_2.settings,review,My daughter started Kids Probiotics and within weeks her tummy aches were gone. I'm so grateful for this product!,Mi hija empezó con Probióticos para Niños y en pocas semanas se le quitaron los dolores de barriga. ¡Estoy muy agradecida!,translated
templates/index.json,fgp-customer-reviews,sections.fgp_customer_reviews_main.blocks.review_2.settings,name,Ana R.,Ana R.,identical
templates/index.json,fgp-customer-reviews,sections.fgp_customer_reviews_main.blocks.review_2.settings,location,"Heredia, Costa Rica","Heredia, Costa Rica",identical
templates/index.json,fgp-customer-reviews,sections.fgp_customer_reviews_main.blocks.review_3.settings,review,"Finally a probiotic that actually works! No more bloating, no more discomfort. Feel Good Pharma changed my life.",¡Por fin un probiótico que sí funciona! Se acabó la hinchazón y las molestias. Feel Good Pharma me cambió la vida.,translated
templates/index.json,fgp-customer-reviews,sections.fgp_customer_reviews_main.blocks.review_3.settings,name,Carlos M.,Carlos M.,identical
templates/index.json,fgp-customer-reviews,sections.fgp_customer_reviews_main.blocks.review_3.settings,location,"Cartago, Costa Rica","Cartago, Costa Rica",identical
templates/index.json,fgp-subfooter,sections.fgp_subfooter_main.settings,hashtag,#FeelGoodWithin,#FeelGoodWithin,identical
templates/index.json,fgp-subfooter,sections.fgp_subfooter_main.settings,ig_handle,feel.goodpharma,feel.goodpharma,identical
templates/index.json,fgp-subfooter,sections.fgp_subfooter_main.settings,fb_label,FEELGOODPHARMA,FEELGOODPHARMA,identical
templates/list-collections.json,slideshow,sections.slideshow.settings,accessibility_info,Slideshow about our brand,Presentación sobre nuestra marca,translated
templates/list-collections.json,slideshow,sections.slideshow.blocks.slide.settings,heading,Collections,Colecciones,translated
templates/page.about.json,fgp-about-hero,sections.fgp_about_hero.settings,eyebrow,OUR STORY,NUESTRA HISTORIA,translated
templates/page.about.json,fgp-about-hero,sections.fgp_about_hero.settings,heading,"Helping you live a healthier, fuller life.",Ayudándote a vivir una vida más saludable y plena.,translated
templates/page.about.json,fgp-about-hero,sections.fgp_about_hero.settings,subtext,"<p>At Feel Good, our goal is to help you live a healthier, fuller, more satisfying life. We know wellness is a journey, and we're here to support you every step of the way. Our products are made with the highest-quality natural ingredients — clinically studied and carefully selected to give you the best possible results.</p>","<p>En Feel Good, nuestro objetivo es ayudarte a vivir una vida más saludable, plena y satisfactoria. Sabemos que el bienestar es un viaje, y estamos aquí para apoyarte en cada paso del camino. Nuestros productos están diseñados con ingredientes naturales de la más alta calidad, clínicamente estudiados y cuidadosamente seleccionados para proporcionarte los mejores resultados posibles.</p>",translated
templates/page.about.json,fgp-about-hero,sections.fgp_about_hero.settings,cta_label,Meet Dr. Katherine,Conoce a la Dra. Katherine,translated
templates/page.about.json,fgp-mission-text,sections.fgp_mission_about.settings,eyebrow,OUR MISSION,NUESTRA MISIÓN,translated
templates/page.about.json,fgp-mission-text,sections.fgp_mission_about.settings,heading,"Science and care, in every formula","Ciencia y cuidado, en cada fórmula",translated
templates/page.about.json,fgp-mission-text,sections.fgp_mission_about.settings,body,"<p>We take pride in offering products made with the highest-quality natural ingredients — clinically studied and carefully selected to give you the best possible results. They're easy to fit into your daily routine, helping you move, feel, and look your best from the inside out.</p><p>Our plant-based digestive enzymes, prebiotics, probiotics, and postbiotics are designed to improve gastrointestinal health and support the immune system. We believe every customer is unique and deserves personal attention. That's why we work hard to give you exceptional service, so you're completely satisfied with our products.</p>","<p>Nos enorgullece ofrecer productos diseñados con ingredientes naturales de la más alta calidad, clínicamente estudiados y cuidadosamente seleccionados para proporcionarte los mejores resultados posibles. Estos productos son fáciles de incorporar en tu estilo de vida diario, para ayudarte a moverte, sentirte y lucir lo mejor posible, de adentro hacia afuera.</p><p>Nuestras enzimas digestivas de origen vegetal, prebióticos, probióticos y postbióticos están diseñados para mejorar la salud gastrointestinal y apoyar el sistema inmunológico. Creemos que cada cliente es único y merece una atención personalizada. Es por eso que nos esforzamos en proporcionarte un servicio al cliente excepcional, para asegurarnos de que estés completamente satisfecho con nuestros productos.</p>",translated
templates/page.about.json,fgp-founder-quote,sections.fgp_founder_about.settings,founder_name,"Dr. Katherine Jiménez, Founder","Dra. Katherine Jiménez, Fundadora",translated
templates/page.about.json,fgp-founder-quote,sections.fgp_founder_about.settings,quote,"Feel Good Pharma was founded by Dr. Katherine Jiménez — a pharmacist with a passion for health who has always sought the best for her family and friends. That commitment to health and wellbeing led her to create products that make a real difference in people's lives, and it shows in every product we make and every interaction we have.","Feel Good Pharma fue creado por la Dra. Katherine Jiménez, una mujer y farmacéutica apasionada por la salud, que siempre busca lo mejor para su familia y amigos. Su compromiso con la salud y el bienestar llevó a la Dra. Jiménez a crear productos que hacen la diferencia en la vida de las personas, y este compromiso se refleja en cada uno de nuestros productos y en el servicio que brindamos.",translated
templates/page.about.json,fgp-founder-quote,sections.fgp_founder_about.settings,cta_label,View our products,Ver nuestros productos,translated
templates/page.about.json,fgp-subfooter,sections.fgp_subfooter_about.settings,hashtag,#FeelGoodWithin,#FeelGoodWithin,identical
templates/page.about.json,fgp-subfooter,sections.fgp_subfooter_about.settings,ig_handle,feel.goodpharma,feel.goodpharma,identical
templates/page.contact.json,fgp-contact-hero,sections.fgp_contact_hero.settings,eyebrow,GET IN TOUCH,CONTÁCTANOS,translated
templates/page.contact.json,fgp-contact-hero,sections.fgp_contact_hero.settings,heading,Contact us,Contáctanos,translated
templates/page.contact.json,fgp-contact-hero,sections.fgp_contact_hero.settings,subtext,We'd love to hear from you. Fill out the form below and we'll get back to you as soon as possible.,Nos encantaría saber de ti. Completa el formulario y te responderemos lo antes posible.,translated
templates/page.contact.json,fgp-contact-info,sections.fgp_contact_info.blocks.card_email.settings,label,Email,Correo electrónico,translated
templates/page.contact.json,fgp-contact-info,sections.fgp_contact_info.blocks.card_email.settings,value,hola@feelgoodpharma.com,hola@feelgoodpharma.com,identical
templates/page.contact.json,fgp-contact-info,sections.fgp_contact_info.blocks.card_phone.settings,label,Phone,Teléfono,translated
templates/page.contact.json,fgp-contact-info,sections.fgp_contact_info.blocks.card_phone.settings,value,+506 XXXX XXXX,+506 XXXX XXXX,identical
templates/page.contact.json,fgp-contact-info,sections.fgp_contact_info.blocks.card_location.settings,label,Location,Ubicación,translated
templates/page.contact.json,fgp-contact-info,sections.fgp_contact_info.blocks.card_location.settings,value,"San José, Costa Rica","San José, Costa Rica",identical
templates/page.contact.json,fgp-contact-info,sections.fgp_contact_info.blocks.card_hours.settings,label,Hours,Horario,translated
templates/page.contact.json,fgp-contact-info,sections.fgp_contact_info.blocks.card_hours.settings,value,Mon–Fri: 8am – 5pm,Lun–Vie: 8 a.m. – 5 p.m.,translated
templates/page.contact.json,contact-form,sections.form.settings,heading,Send us a message,Envíanos un mensaje,translated
templates/page.contact.json,fgp-subfooter,sections.fgp_subfooter_contact.settings,hashtag,#FeelGoodWithin,#FeelGoodWithin,identical
templates/page.contact.json,fgp-subfooter,sections.fgp_subfooter_contact.settings,ig_handle,feel.goodpharma,feel.goodpharma,identical
templates/page.json,image-with-text,sections.23cb49cd-699f-4bea-a5e2-ad07db6241cd.blocks.template--18641843257665__23cb49cd-699f-4bea-a5e2-ad07db6241cd-168108581238f5d118-1.settings,text,"<p>At Feel Good, our goal is to help you live a healthier, fuller, more satisfying life. We know wellness is a journey, and we're here to support you every step of the way. Our products are made with the highest-quality natural ingredients — clinically studied and carefully selected to give you the best possible results.</p><p>We take pride in offering products made with the highest-quality natural ingredients — clinically studied and carefully selected to give you the best possible results. They're easy to fit into your daily routine, helping you move, feel, and look your best from the inside out.</p><p>Our plant-based digestive enzymes, prebiotics, probiotics, and postbiotics are designed to improve gastrointestinal health and support the immune system.</p><p>We believe every customer is unique and deserves personal attention. That's why we work hard to give you exceptional service, so you're completely satisfied with our products.</p><p>Feel Good Pharma was founded by Dr. Katherine Jiménez — a pharmacist with a passion for health who has always sought the best for her family and friends.</p><p>Her commitment to health and wellbeing led Dr. Jiménez to create products that make a real difference in people's lives, and that commitment shows in every product we make and every interaction we have.</p>","<p>En Feel Good, nuestro objetivo es ayudarte a vivir una vida más saludable, plena y satisfactoria. Sabemos que el bienestar es un viaje, y estamos aquí para apoyarte en cada paso del camino. Nuestros productos están diseñados con ingredientes naturales de la más alta calidad, clínicamente estudiados y cuidadosamente seleccionados para proporcionarte los mejores resultados posibles.</p><p>Nos enorgullece ofrecer productos diseñados con ingredientes naturales de la más alta calidad, clínicamente estudiados y cuidadosamente seleccionados para proporcionarte los mejores resultados posibles. Estos productos son fáciles de incorporar en tu estilo de vida diario, para ayudarte a moverte, sentirte y lucir lo mejor posible, de adentro hacia afuera.</p><p>Nuestras enzimas digestivas de origen vegetal, prebióticos, probióticos y postbióticos están diseñados para mejorar la salud gastrointestinal y apoyar el sistema inmunológico. </p><p>Creemos que cada cliente es único y merece una atención personalizada. Es por eso que nos esforzamos en proporcionarte un servicio al cliente excepcional, para asegurarnos de que estés completamente satisfecho con nuestros productos.</p><p>Feel Good Pharma fue creado por la Dra. Katherine Jiménez, una mujer y farmacéutica apasionada por la salud, que siempre busca lo mejor para su familia y amigos. </p><p>Su compromiso con la salud y el bienestar llevó a la Dra. Jiménez a crear productos que hacen la diferencia en la vida de las personas, y este compromiso se refleja en cada uno de nuestros productos y en el servicio que brindamos.</p>",translated
templates/page.json,image-with-text,sections.23cb49cd-699f-4bea-a5e2-ad07db6241cd.blocks.template--18641843257665__23cb49cd-699f-4bea-a5e2-ad07db6241cd-168108581238f5d118-2.settings,button_label,Button label,Texto del botón,translated
templates/page.puntos-de-venta.json,fgp-store-locator,sections.fgp_store_locator.settings,eyebrow,FIND US,ENCUÉNTRANOS,translated
templates/page.puntos-de-venta.json,fgp-store-locator,sections.fgp_store_locator.settings,heading,Puntos de Venta,Puntos de Venta,identical
templates/page.puntos-de-venta.json,fgp-store-locator,sections.fgp_store_locator.settings,subtext,Encuentra nuestros productos en estos puntos de venta.,Encuentra nuestros productos en estos puntos de venta.,identical
templates/page.puntos-de-venta.json,fgp-subfooter,sections.fgp_subfooter_pdv.settings,hashtag,#FeelGoodWithin,#FeelGoodWithin,identical
templates/page.puntos-de-venta.json,fgp-subfooter,sections.fgp_subfooter_pdv.settings,ig_handle,feel.goodpharma,feel.goodpharma,identical
templates/page.puntos-de-venta.json,fgp-subfooter,sections.fgp_subfooter_pdv.settings,fb_label,FEELGOODPHARMA,FEELGOODPHARMA,identical
templates/password.json,email-signup-banner,sections.main.blocks.heading.settings,heading,Opening soon,Próxima apertura,translated
templates/password.json,email-signup-banner,sections.main.blocks.paragraph.settings,text,<p>Be the first to know when we launch.</p>,<p>Sé el primero en enterarte de nuestro lanzamiento.</p>,translated
templates/product.json,main-product,sections.main.blocks.vendor.settings,text,{{ product.vendor }},{{ product.vendor }},identical
templates/product.json,main-product,sections.main.blocks.tab_shipping.settings,heading,Shipping,Envíos,translated
templates/product.json,main-product,sections.main.blocks.tab_shipping.settings,content,<p>Free shipping on orders over $50. Standard delivery 3–5 business days.</p>,<p>Envío gratis en pedidos superiores a $50. Entrega estándar de 3 a 5 días hábiles.</p>,translated
templates/product.json,main-product,sections.main.blocks.tab_returns.settings,heading,Return policy,Política de devoluciones,translated
templates/product.json,main-product,sections.main.blocks.tab_returns.settings,content,"<p>We offer a 30-day satisfaction guarantee. If you're not happy, contact us for a full refund.</p>","<p>Ofrecemos una garantía de satisfacción de 30 días. Si no quedas conforme, contáctanos para un reembolso completo.</p>",translated
templates/product.json,main-product,sections.main.blocks.share.settings,share_label,Share,Compartir,translated
templates/product.json,related-products,sections.related-products.settings,heading,You may also like,También te puede gustar,translated
templates/product.kids.json,main-product,sections.main.blocks.vendor.settings,text,{{ product.vendor }},{{ product.vendor }},identical
templates/product.kids.json,main-product,sections.main.blocks.tab_dosage.settings,heading,Dosage,Dosis,translated
templates/product.kids.json,main-product,sections.main.blocks.tab_dosage.settings,content,<p>Children 4+: 1 gummy per day. Adults: 1–2 gummies per day.</p>,<p>Niños de 4 años en adelante: 1 gomita al día. Adultos: 1–2 gomitas al día.</p>,translated
templates/product.kids.json,main-product,sections.main.blocks.tab_shipping.settings,heading,Shipping,Envíos,translated
templates/product.kids.json,main-product,sections.main.blocks.tab_shipping.settings,content,<p>Free shipping on orders over $50. Standard delivery 3–5 business days.</p>,<p>Envío gratis en pedidos superiores a $50. Entrega estándar de 3 a 5 días hábiles.</p>,translated
templates/product.kids.json,main-product,sections.main.blocks.tab_returns.settings,heading,Return policy,Política de devoluciones,translated
templates/product.kids.json,main-product,sections.main.blocks.tab_returns.settings,content,"<p>We offer a 30-day satisfaction guarantee. If you're not happy, contact us for a full refund.</p>","<p>Ofrecemos una garantía de satisfacción de 30 días. Si no quedas conforme, contáctanos para un reembolso completo.</p>",translated
templates/product.kids.json,main-product,sections.main.blocks.share.settings,share_label,Share,Compartir,translated
templates/product.kids.json,fgp-icon-strip,sections.fgp_icon_strip_9UJFwJ.settings,aria_label,Product benefits,Beneficios del producto,translated
templates/product.kids.json,fgp-icon-strip,sections.fgp_icon_strip_9UJFwJ.blocks.item_kQXbLK.settings,label,Spore based probiotics,Probióticos a base de esporas,translated
templates/product.kids.json,fgp-icon-strip,sections.fgp_icon_strip_9UJFwJ.blocks.item_k6jfBi.settings,label,Plant Based ingredients,Ingredientes de origen vegetal,translated
templates/product.kids.json,fgp-icon-strip,sections.fgp_icon_strip_9UJFwJ.blocks.item_9tHJwk.settings,label,Replenishes Beneficial Bacteria®,Repone bacterias beneficiosas®,translated
templates/product.kids.json,fgp-icon-strip,sections.fgp_icon_strip_9UJFwJ.blocks.item_D7DMG6.settings,label,Strengthens Gut Barrier®,Fortalece la barrera intestinal®,translated
templates/product.kids.json,fgp-icon-strip,sections.fgp_icon_strip_9UJFwJ.blocks.item_ArpCQp.settings,label,Improves Nutrient Absorption®,Mejora la absorción de nutrientes®,translated
templates/product.kids.json,fgp-icon-strip,sections.fgp_icon_strip_9UJFwJ.blocks.item_crjKxV.settings,label,Non GMO,Sin OGM,translated
templates/product.kids.json,fgp-kids-spotlight,sections.fgp_kids_spotlight_GX9tMK.settings,product_logo_alt,Kids Probiotics,Probióticos para Niños,translated
templates/product.kids.json,fgp-kids-spotlight,sections.fgp_kids_spotlight_GX9tMK.settings,badge_subtitle,Bacillus Subtilis,Bacillus Subtilis,translated
templates/product.kids.json,fgp-kids-spotlight,sections.fgp_kids_spotlight_GX9tMK.settings,note,No refrigeration required,No requiere refrigeración,translated
templates/product.kids.json,fgp-kids-spotlight,sections.fgp_kids_spotlight_GX9tMK.settings,description,<h1>The gummies consist of 2.5 billion <em>Bacillus Subtilis</em> per gummy.</h1>,<h1>Cada gomita contiene 2.500 millones de <em>Bacillus Subtilis</em>.</h1>,translated
templates/product.kids.json,fgp-kids-spotlight,sections.fgp_kids_spotlight_GX9tMK.settings,child_label,Children,Niños,translated
templates/product.kids.json,fgp-kids-spotlight,sections.fgp_kids_spotlight_GX9tMK.settings,adult_label,Adults,Adultos,translated
templates/product.kids.json,fgp-origin-card,sections.fgp_origin_card_Mhi8hB.settings,heading,Formulated in Costa Rica,Formulado en Costa Rica,translated
templates/product.kids.json,fgp-origin-card,sections.fgp_origin_card_Mhi8hB.settings,body,<p>Manufactured in United States in facilities with FDA standards with source materials from GMP.</p>,<p>Fabricado en Estados Unidos en instalaciones con estándares de la FDA y con materias primas bajo normas GMP.</p>,translated
templates/product.kids.json,fgp-origin-card,sections.fgp_origin_card_Mhi8hB.settings,cta_label,Explore Ingredients,Explorar ingredientes,translated
templates/product.kids.json,fgp-origin-card,sections.fgp_origin_card_Mhi8hB.blocks.cert_logo_7CtmGL.settings,logo_alt,DE111 Probiotic,Probiótico DE111,translated
templates/product.kids.json,fgp-origin-card,sections.fgp_origin_card_Mhi8hB.blocks.cert_logo_TKLwk3.settings,logo_alt,FDA,FDA,translated
templates/product.kids.json,fgp-origin-card,sections.fgp_origin_card_Mhi8hB.blocks.cert_logo_V744tW.settings,logo_alt,GMP,GMP,translated
templates/product.kids.json,fgp-origin-card,sections.fgp_origin_card_Mhi8hB.blocks.cert_logo_tBm7hE.settings,logo_alt,Made in USA,Hecho en EE. UU.,translated
templates/product.kids.json,fgp-doctor-testimonials,sections.fgp_doctor_testimonials_kids.settings,eyebrow,TRUSTED BY PROFESSIONALS,RESPALDADO POR PROFESIONALES,translated
templates/product.kids.json,fgp-doctor-testimonials,sections.fgp_doctor_testimonials_kids.settings,heading,Recommended by Doctors,Recomendado por médicos,translated
templates/product.kids.json,fgp-doctor-testimonials,sections.fgp_doctor_testimonials_kids.blocks.doc_1.settings,name,Dr. Name Lastname,Dr. Nombre Apellido,translated
templates/product.kids.json,fgp-doctor-testimonials,sections.fgp_doctor_testimonials_kids.blocks.doc_1.settings,specialty,Pediatrician,Pediatra,translated
templates/product.kids.json,fgp-doctor-testimonials,sections.fgp_doctor_testimonials_kids.blocks.doc_1.settings,quote,The Kids Probiotics formula is one of the safest and most effective I've seen for children's gut health.,La fórmula de Probióticos para Niños es una de las más seguras y eficaces que he visto para la salud intestinal infantil.,translated
templates/product.kids.json,fgp-doctor-testimonials,sections.fgp_doctor_testimonials_kids.blocks.doc_2.settings,name,Dr. Name Lastname,Dr. Nombre Apellido,translated
templates/product.kids.json,fgp-doctor-testimonials,sections.fgp_doctor_testimonials_kids.blocks.doc_2.settings,specialty,Pediatric Gastroenterologist,Gastroenteróloga pediátrica,translated
templates/product.kids.json,fgp-doctor-testimonials,sections.fgp_doctor_testimonials_kids.blocks.doc_2.settings,quote,I recommend this to parents of children with frequent tummy aches or recurring infections.,Se lo recomiendo a padres de niños con dolores de barriga frecuentes o infecciones recurrentes.,translated
templates/product.kids.json,fgp-doctor-testimonials,sections.fgp_doctor_testimonials_kids.blocks.doc_3.settings,name,Dr. Name Lastname,Dr. Nombre Apellido,translated
templates/product.kids.json,fgp-doctor-testimonials,sections.fgp_doctor_testimonials_kids.blocks.doc_3.settings,specialty,Nutritionist,Nutricionista,translated
templates/product.kids.json,fgp-doctor-testimonials,sections.fgp_doctor_testimonials_kids.blocks.doc_3.settings,quote,A well-formulated product that supports children's immunity and digestive development.,Un producto bien formulado que apoya la inmunidad y el desarrollo digestivo de los niños.,translated
templates/product.kids.json,fgp-product-faq,sections.fgp_product_faq_kids.settings,eyebrow,GOT QUESTIONS?,¿TIENES PREGUNTAS?,translated
templates/product.kids.json,fgp-product-faq,sections.fgp_product_faq_kids.settings,heading,"Parents Ask, We Answer","Los padres preguntan, nosotros respondemos",translated
templates/product.kids.json,fgp-product-faq,sections.fgp_product_faq_kids.blocks.faq_1.settings,question,How do I give Kids Probiotics to my child?,¿Cómo le doy Probióticos para Niños a mi hijo?,translated
templates/product.kids.json,fgp-product-faq,sections.fgp_product_faq_kids.blocks.faq_1.settings,answer,<p>Give 1 capsule per day with a meal. You can open the capsule and mix the contents into food or a cold drink — it has no unpleasant taste.</p>,<p>Dale 1 cápsula al día con una comida. Puedes abrir la cápsula y mezclar el contenido con comida o una bebida fría: no tiene sabor desagradable.</p>,translated
templates/product.kids.json,fgp-product-faq,sections.fgp_product_faq_kids.blocks.faq_2.settings,question,What age is it suitable for?,¿A partir de qué edad se puede tomar?,translated
templates/product.kids.json,fgp-product-faq,sections.fgp_product_faq_kids.blocks.faq_2.settings,answer,"<p>Kids Probiotics is formulated for children aged 3 and older. For younger children, please consult your pediatrician.</p>","<p>Probióticos para Niños está formulado para niños a partir de 3 años. Para niños menores, consulta a tu pediatra.</p>",translated
templates/product.kids.json,fgp-product-faq,sections.fgp_product_faq_kids.blocks.faq_3.settings,question,Is it safe to give every day?,¿Es seguro darlo todos los días?,translated
templates/product.kids.json,fgp-product-faq,sections.fgp_product_faq_kids.blocks.faq_3.settings,answer,<p>Yes. The formula uses well-studied probiotic strains that are safe and beneficial for daily use in children.</p>,"<p>Sí. La fórmula utiliza cepas probióticas bien estudiadas, seguras y beneficiosas para el uso diario en niños.</p>",translated
templates/product.kids.json,fgp-product-faq,sections.fgp_product_faq_kids.blocks.faq_4.settings,question,When will my child start feeling results?,¿Cuándo empezará mi hijo a notar resultados?,translated
templates/product.kids.json,fgp-product-faq,sections.fgp_product_faq_kids.blocks.faq_4.settings,answer,<p>Most parents notice improvements in digestion and fewer colds within 3–6 weeks of consistent daily use.</p>,<p>La mayoría de los padres nota mejoras en la digestión y menos resfriados entre 3 y 6 semanas de uso diario constante.</p>,translated
templates/product.kids.json,fgp-product-faq,sections.fgp_product_faq_kids.blocks.faq_5.settings,question,Does it contain allergens?,¿Contiene alérgenos?,translated
templates/product.kids.json,fgp-product-faq,sections.fgp_product_faq_kids.blocks.faq_5.settings,answer,"<p>Kids Probiotics is free from gluten, dairy, and artificial colors. Please read the full ingredient list on the label if your child has known allergies.</p>","<p>Probióticos para Niños no contiene gluten, lácteos ni colorantes artificiales. Consulta la lista completa de ingredientes en la etiqueta si tu hijo tiene alergias conocidas.</p>",translated
templates/product.kids.json,fgp-customer-reviews,sections.fgp_customer_reviews_kids.settings,eyebrow,WHAT PARENTS SAY,LO QUE DICEN LOS PADRES,translated
templates/product.kids.json,fgp-customer-reviews,sections.fgp_customer_reviews_kids.settings,heading,Loved by Families,Preferido por las familias,translated
templates/product.kids.json,fgp-customer-reviews,sections.fgp_customer_reviews_kids.blocks.rev_1.settings,review,My daughter's tummy aches disappeared within the first month. She even reminds me to give it to her every day!,Los dolores de barriga de mi hija desaparecieron en el primer mes. ¡Hasta me recuerda que se lo dé todos los días!,translated
templates/product.kids.json,fgp-customer-reviews,sections.fgp_customer_reviews_kids.blocks.rev_1.settings,name,Sofía L.,Sofía L.,identical
templates/product.kids.json,fgp-customer-reviews,sections.fgp_customer_reviews_kids.blocks.rev_1.settings,location,"San José, Costa Rica","San José, Costa Rica",identical
templates/product.kids.json,fgp-customer-reviews,sections.fgp_customer_reviews_kids.blocks.rev_2.settings,review,My son used to get sick every other week. Since starting Kids Probiotics he's barely been sick. Game changer!,Mi hijo se enfermaba cada dos semanas. Desde que empezó con Probióticos para Niños casi no se ha enfermado. ¡Un cambio total!,translated
templates/product.kids.json,fgp-customer-reviews,sections.fgp_customer_reviews_kids.blocks.rev_2.settings,name,Ricardo M.,Ricardo M.,identical
templates/product.kids.json,fgp-customer-reviews,sections.fgp_customer_reviews_kids.blocks.rev_2.settings,location,"Alajuela, Costa Rica","Alajuela, Costa Rica",identical
templates/product.kids.json,fgp-customer-reviews,sections.fgp_customer_reviews_kids.blocks.rev_3.settings,review,So easy to use — I just mix it in his smoothie. He doesn't even notice it. And the results speak for themselves.,Súper fácil de usar: lo mezclo en su batido y ni lo nota. Y los resultados hablan por sí solos.,translated
templates/product.kids.json,fgp-customer-reviews,sections.fgp_customer_reviews_kids.blocks.rev_3.settings,name,Carla V.,Carla V.,identical
templates/product.kids.json,fgp-customer-reviews,sections.fgp_customer_reviews_kids.blocks.rev_3.settings,location,"Heredia, Costa Rica","Heredia, Costa Rica",identical
templates/product.kids.json,video,sections.video_agqNLD.settings,heading,Video,Video,translated
templates/product.kids.json,related-products,sections.related-products.settings,heading,You may also like,También te puede gustar,translated
templates/product.kit.json,main-product,sections.main.blocks.vendor.settings,text,{{ product.vendor }},{{ product.vendor }},identical
templates/product.kit.json,main-product,sections.main.blocks.tab_whats_included.settings,heading,What's included,Qué incluye,translated
templates/product.kit.json,main-product,sections.main.blocks.tab_whats_included.settings,content,"<p>This kit includes Synbiotic+, Kids Probiotics, and Stressbiotic® — one full bottle of each.</p>","<p>Este kit incluye Synbiotic+, Probióticos para Niños y Stressbiotic®: un frasco completo de cada uno.</p>",translated
templates/product.kit.json,main-product,sections.main.blocks.tab_shipping.settings,heading,Shipping,Envíos,translated
templates/product.kit.json,main-product,sections.main.blocks.tab_shipping.settings,content,<p>Free shipping on orders over $50. Standard delivery 3–5 business days.</p>,<p>Envío gratis en pedidos superiores a $50. Entrega estándar de 3 a 5 días hábiles.</p>,translated
templates/product.kit.json,main-product,sections.main.blocks.tab_returns.settings,heading,Return policy,Política de devoluciones,translated
templates/product.kit.json,main-product,sections.main.blocks.tab_returns.settings,content,"<p>We offer a 30-day satisfaction guarantee. If you're not happy, contact us for a full refund.</p>","<p>Ofrecemos una garantía de satisfacción de 30 días. Si no quedas conforme, contáctanos para un reembolso completo.</p>",translated
templates/product.kit.json,main-product,sections.main.blocks.share.settings,share_label,Share,Compartir,translated
templates/product.kit.json,fgp-icon-strip,sections.fgp_icon_strip_kit.settings,aria_label,Kit benefits,Beneficios del kit,translated
templates/product.kit.json,fgp-icon-strip,sections.fgp_icon_strip_kit.blocks.item_1.settings,label,Complete gut health system,Sistema completo para la salud intestinal,translated
templates/product.kit.json,fgp-icon-strip,sections.fgp_icon_strip_kit.blocks.item_2.settings,label,One bottle of each formula,Un frasco de cada fórmula,translated
templates/product.kit.json,fgp-icon-strip,sections.fgp_icon_strip_kit.blocks.item_3.settings,label,Save vs. buying separately,Ahorra frente a comprarlos por separado,translated
templates/product.kit.json,fgp-icon-strip,sections.fgp_icon_strip_kit.blocks.item_4.settings,label,Non GMO,Sin OGM,translated
templates/product.kit.json,fgp-products-grid,sections.fgp_products_grid_kit.settings,heading,What's In The Kit,Qué contiene el kit,translated
templates/product.kit.json,fgp-products-grid,sections.fgp_products_grid_kit.settings,cta_label,Shop Now,Comprar ahora,translated
templates/product.kit.json,fgp-products-grid,sections.fgp_products_grid_kit.blocks.prod_synbiotic.settings,eyebrow,DIGESTIVE ENZYMES,ENZIMAS DIGESTIVAS,translated
templates/product.kit.json,fgp-products-grid,sections.fgp_products_grid_kit.blocks.prod_synbiotic.settings,placeholder_title,Synbiotic+,Synbiotic+,translated
templates/product.kit.json,fgp-products-grid,sections.fgp_products_grid_kit.blocks.prod_synbiotic.settings,cta_label,Shop Synbiotic+,Comprar Synbiotic+,translated
templates/product.kit.json,fgp-products-grid,sections.fgp_products_grid_kit.blocks.prod_kids.settings,eyebrow,KIDS,NIÑOS,translated
templates/product.kit.json,fgp-products-grid,sections.fgp_products_grid_kit.blocks.prod_kids.settings,placeholder_title,Kids Probiotics,Probióticos para Niños,translated
templates/product.kit.json,fgp-products-grid,sections.fgp_products_grid_kit.blocks.prod_kids.settings,cta_label,Shop Kids Probiotics,Comprar Probióticos para Niños,translated
templates/product.kit.json,fgp-products-grid,sections.fgp_products_grid_kit.blocks.prod_stressbiotic.settings,eyebrow,STRESS + GUT,ESTRÉS + INTESTINO,translated
templates/product.kit.json,fgp-products-grid,sections.fgp_products_grid_kit.blocks.prod_stressbiotic.settings,placeholder_title,Stressbiotic®,Stressbiotic®,translated
templates/product.kit.json,fgp-products-grid,sections.fgp_products_grid_kit.blocks.prod_stressbiotic.settings,cta_label,Shop Stressbiotic®,Comprar Stressbiotic®,translated
templates/product.kit.json,fgp-origin-card,sections.fgp_origin_card_kit.settings,heading,Formulated in Costa Rica,Formulado en Costa Rica,translated
templates/product.kit.json,fgp-origin-card,sections.fgp_origin_card_kit.settings,body,<p>Manufactured in United States in facilities with FDA standards with source materials from GMP.</p>,<p>Fabricado en Estados Unidos en instalaciones con estándares de la FDA y con materias primas bajo normas GMP.</p>,translated
templates/product.kit.json,fgp-origin-card,sections.fgp_origin_card_kit.settings,cta_label,Explore Ingredients,Explorar ingredientes,translated
templates/product.kit.json,fgp-origin-card,sections.fgp_origin_card_kit.blocks.cert_logo_1.settings,logo_alt,DE111 Probiotic,Probiótico DE111,translated
templates/product.kit.json,fgp-origin-card,sections.fgp_origin_card_kit.blocks.cert_logo_2.settings,logo_alt,FDA,FDA,translated
templates/product.kit.json,fgp-origin-card,sections.fgp_origin_card_kit.blocks.cert_logo_3.settings,logo_alt,GMP,GMP,translated
templates/product.kit.json,fgp-origin-card,sections.fgp_origin_card_kit.blocks.cert_logo_4.settings,logo_alt,Made in USA,Hecho en EE. UU.,translated
templates/product.kit.json,fgp-product-faq,sections.fgp_product_faq_kit.settings,eyebrow,GOT QUESTIONS?,¿TIENES PREGUNTAS?,translated
templates/product.kit.json,fgp-product-faq,sections.fgp_product_faq_kit.settings,heading,Frequently Asked Questions,Preguntas frecuentes,translated
templates/product.kit.json,fgp-product-faq,sections.fgp_product_faq_kit.blocks.faq_1.settings,question,What's included in the Kit?,¿Qué incluye el kit?,translated
templates/product.kit.json,fgp-product-faq,sections.fgp_product_faq_kit.blocks.faq_1.settings,answer,"<p>One full bottle each of Synbiotic+, Kids Probiotics, and Stressbiotic®.</p>","<p>Un frasco completo de Synbiotic+, Probióticos para Niños y Stressbiotic®.</p>",translated
templates/product.kit.json,fgp-product-faq,sections.fgp_product_faq_kit.blocks.faq_2.settings,question,Can the whole family use it?,¿Lo puede usar toda la familia?,translated
templates/product.kit.json,fgp-product-faq,sections.fgp_product_faq_kit.blocks.faq_2.settings,answer,"<p>Yes — the Kit is designed to cover adults, kids, and stress/gut-brain support in one purchase.</p>","<p>Sí: el kit está diseñado para cubrir adultos, niños y el apoyo al eje intestino-cerebro en una sola compra.</p>",translated
templates/product.kit.json,fgp-product-faq,sections.fgp_product_faq_kit.blocks.faq_3.settings,question,Do I take all three at once?,¿Debo tomar los tres a la vez?,translated
templates/product.kit.json,fgp-product-faq,sections.fgp_product_faq_kit.blocks.faq_3.settings,answer,<p>No — each product has its own dosage instructions on the bottle. Use the one that matches your (or your child's) needs.</p>,<p>No: cada producto tiene sus propias instrucciones de dosis en el frasco. Usa el que se ajuste a tus necesidades o a las de tu hijo.</p>,translated
templates/product.kit.json,fgp-product-faq,sections.fgp_product_faq_kit.blocks.faq_4.settings,question,Is the Kit cheaper than buying separately?,¿El kit es más barato que comprar por separado?,translated
templates/product.kit.json,fgp-product-faq,sections.fgp_product_faq_kit.blocks.faq_4.settings,answer,"<p>Yes, the Kit is priced below the combined cost of buying each product on its own.</p>","<p>Sí, el precio del kit es inferior al costo combinado de comprar cada producto por separado.</p>",translated
templates/product.kit.json,fgp-customer-reviews,sections.fgp_customer_reviews_kit.settings,eyebrow,WHAT OUR CUSTOMERS SAY,LO QUE DICEN NUESTROS CLIENTES,translated
templates/product.kit.json,fgp-customer-reviews,sections.fgp_customer_reviews_kit.settings,heading,Loved by Families,Preferido por las familias,translated
templates/product.kit.json,fgp-customer-reviews,sections.fgp_customer_reviews_kit.blocks.rev_1.settings,review,Got the Kit for the whole family — kids love their gummies and I finally found something that helps with my stress and digestion together.,Compré el kit para toda la familia: a los niños les encantan sus gomitas y por fin encontré algo que me ayuda con el estrés y la digestión a la vez.,translated
templates/product.kit.json,fgp-customer-reviews,sections.fgp_customer_reviews_kit.blocks.rev_1.settings,name,Fernanda C.,Fernanda C.,identical
templates/product.kit.json,fgp-customer-reviews,sections.fgp_customer_reviews_kit.blocks.rev_1.settings,location,"San José, Costa Rica","San José, Costa Rica",identical
templates/product.kit.json,fgp-customer-reviews,sections.fgp_customer_reviews_kit.blocks.rev_2.settings,review,Great value buying all three together instead of separately. Easy to keep track of who takes what.,Excelente relación calidad-precio comprando los tres juntos en vez de por separado. Es fácil llevar el control de quién toma qué.,translated
templates/product.kit.json,fgp-customer-reviews,sections.fgp_customer_reviews_kit.blocks.rev_2.settings,name,Luis A.,Luis A.,identical
templates/product.kit.json,fgp-customer-reviews,sections.fgp_customer_reviews_kit.blocks.rev_2.settings,location,"Heredia, Costa Rica","Heredia, Costa Rica",identical
templates/product.kit.json,related-products,sections.related-products.settings,heading,You may also like,También te puede gustar,translated
templates/product.magnetic-pill-container.json,main-product,sections.main.blocks.vendor.settings,text,{{ product.vendor }},{{ product.vendor }},identical
templates/product.magnetic-pill-container.json,main-product,sections.main.blocks.tab_materials.settings,heading,Materials & care,Materiales y cuidado,translated
templates/product.magnetic-pill-container.json,main-product,sections.main.blocks.tab_materials.settings,content,"<p>Durable, food-safe construction with a secure magnetic close. Wipe clean with a dry or lightly damp cloth.</p>","<p>Construcción duradera y apta para alimentos, con cierre magnético seguro. Límpialo con un paño seco o ligeramente húmedo.</p>",translated
templates/product.magnetic-pill-container.json,main-product,sections.main.blocks.tab_shipping.settings,heading,Shipping,Envíos,translated
templates/product.magnetic-pill-container.json,main-product,sections.main.blocks.tab_shipping.settings,content,<p>Free shipping on orders over $50. Standard delivery 3–5 business days.</p>,<p>Envío gratis en pedidos superiores a $50. Entrega estándar de 3 a 5 días hábiles.</p>,translated
templates/product.magnetic-pill-container.json,main-product,sections.main.blocks.tab_returns.settings,heading,Return policy,Política de devoluciones,translated
templates/product.magnetic-pill-container.json,main-product,sections.main.blocks.tab_returns.settings,content,"<p>We offer a 30-day satisfaction guarantee. If you're not happy, contact us for a full refund.</p>","<p>Ofrecemos una garantía de satisfacción de 30 días. Si no quedas conforme, contáctanos para un reembolso completo.</p>",translated
templates/product.magnetic-pill-container.json,main-product,sections.main.blocks.share.settings,share_label,Share,Compartir,translated
templates/product.magnetic-pill-container.json,fgp-icon-strip,sections.fgp_icon_strip_pillcase.settings,aria_label,Product features,Características del producto,translated
templates/product.magnetic-pill-container.json,fgp-icon-strip,sections.fgp_icon_strip_pillcase.blocks.item_1.settings,label,Secure magnetic close,Cierre magnético seguro,translated
templates/product.magnetic-pill-container.json,fgp-icon-strip,sections.fgp_icon_strip_pillcase.blocks.item_2.settings,label,Travel friendly,Ideal para viajar,translated
templates/product.magnetic-pill-container.json,fgp-icon-strip,sections.fgp_icon_strip_pillcase.blocks.item_3.settings,label,Food-safe materials,Materiales aptos para alimentos,translated
templates/product.magnetic-pill-container.json,fgp-icon-strip,sections.fgp_icon_strip_pillcase.blocks.item_4.settings,label,Easy to clean,Fácil de limpiar,translated
templates/product.magnetic-pill-container.json,fgp-product-benefits,sections.fgp_features_pillcase.settings,eyebrow,DESIGNED FOR YOUR ROUTINE,DISEÑADO PARA TU RUTINA,translated
templates/product.magnetic-pill-container.json,fgp-product-benefits,sections.fgp_features_pillcase.settings,heading,Built to Keep You On Track,Hecho para mantenerte al día,translated
templates/product.magnetic-pill-container.json,fgp-product-benefits,sections.fgp_features_pillcase.blocks.feat_1.settings,label,Magnetic Close,Cierre magnético,translated
templates/product.magnetic-pill-container.json,fgp-product-benefits,sections.fgp_features_pillcase.blocks.feat_1.settings,sublabel,"Snaps shut securely, stays closed in transit",Cierra con firmeza y se mantiene cerrado en el trayecto,translated
templates/product.magnetic-pill-container.json,fgp-product-benefits,sections.fgp_features_pillcase.blocks.feat_2.settings,label,Compact Design,Diseño compacto,translated
templates/product.magnetic-pill-container.json,fgp-product-benefits,sections.fgp_features_pillcase.blocks.feat_2.settings,sublabel,"Fits in a bag, purse, or pocket","Cabe en un bolso, cartera o bolsillo",translated
templates/product.magnetic-pill-container.json,fgp-product-benefits,sections.fgp_features_pillcase.blocks.feat_3.settings,label,Multi-Compartment,Varios compartimentos,translated
templates/product.magnetic-pill-container.json,fgp-product-benefits,sections.fgp_features_pillcase.blocks.feat_3.settings,sublabel,Keep daily doses organized and separated,Mantén las dosis diarias organizadas y separadas,translated
templates/product.magnetic-pill-container.json,fgp-product-benefits,sections.fgp_features_pillcase.blocks.feat_4.settings,label,Durable Build,Construcción duradera,translated
templates/product.magnetic-pill-container.json,fgp-product-benefits,sections.fgp_features_pillcase.blocks.feat_4.settings,sublabel,Food-safe materials made to last,Materiales aptos para alimentos hechos para durar,translated
templates/product.magnetic-pill-container.json,fgp-product-faq,sections.fgp_product_faq_pillcase.settings,eyebrow,GOT QUESTIONS?,¿TIENES PREGUNTAS?,translated
templates/product.magnetic-pill-container.json,fgp-product-faq,sections.fgp_product_faq_pillcase.settings,heading,Frequently Asked Questions,Preguntas frecuentes,translated
templates/product.magnetic-pill-container.json,fgp-product-faq,sections.fgp_product_faq_pillcase.blocks.faq_1.settings,question,What is it made of?,¿De qué está hecho?,translated
templates/product.magnetic-pill-container.json,fgp-product-faq,sections.fgp_product_faq_pillcase.blocks.faq_1.settings,answer,"<p>Durable, food-safe materials designed for daily use and easy cleaning.</p>","<p>Materiales duraderos y aptos para alimentos, diseñados para el uso diario y una limpieza sencilla.</p>",translated
templates/product.magnetic-pill-container.json,fgp-product-faq,sections.fgp_product_faq_pillcase.blocks.faq_2.settings,question,How does the magnetic close work?,¿Cómo funciona el cierre magnético?,translated
templates/product.magnetic-pill-container.json,fgp-product-faq,sections.fgp_product_faq_pillcase.blocks.faq_2.settings,answer,"<p>The lid snaps shut with a built-in magnet, keeping it securely closed while traveling or in a bag.</p>","<p>La tapa se cierra con un imán integrado, manteniéndola bien cerrada durante los viajes o dentro del bolso.</p>",translated
templates/product.magnetic-pill-container.json,fgp-product-faq,sections.fgp_product_faq_pillcase.blocks.faq_3.settings,question,How many compartments does it have?,¿Cuántos compartimentos tiene?,translated
templates/product.magnetic-pill-container.json,fgp-product-faq,sections.fgp_product_faq_pillcase.blocks.faq_3.settings,answer,<p>Multiple compartments so you can organize doses by time of day or by product.</p>,<p>Varios compartimentos para que organices las dosis por hora del día o por producto.</p>,translated
templates/product.magnetic-pill-container.json,fgp-product-faq,sections.fgp_product_faq_pillcase.blocks.faq_4.settings,question,How do I clean it?,¿Cómo lo limpio?,translated
templates/product.magnetic-pill-container.json,fgp-product-faq,sections.fgp_product_faq_pillcase.blocks.faq_4.settings,answer,<p>Wipe clean with a dry or lightly damp cloth. Avoid submerging in water.</p>,<p>Límpialo con un paño seco o ligeramente húmedo. Evita sumergirlo en agua.</p>,translated
templates/product.magnetic-pill-container.json,fgp-customer-reviews,sections.fgp_customer_reviews_pillcase.settings,eyebrow,WHAT OUR CUSTOMERS SAY,LO QUE DICEN NUESTROS CLIENTES,translated
templates/product.magnetic-pill-container.json,fgp-customer-reviews,sections.fgp_customer_reviews_pillcase.settings,heading,Loved by Customers,Preferido por los clientes,translated
templates/product.magnetic-pill-container.json,fgp-customer-reviews,sections.fgp_customer_reviews_pillcase.blocks.rev_1.settings,review,"Perfect size for my bag and the magnetic lid actually stays shut, unlike my old pill case.","Tamaño perfecto para mi bolso y la tapa magnética de verdad se mantiene cerrada, a diferencia de mi pastillero anterior.",translated
templates/product.magnetic-pill-container.json,fgp-customer-reviews,sections.fgp_customer_reviews_pillcase.blocks.rev_1.settings,name,Patricia N.,Patricia N.,identical
templates/product.magnetic-pill-container.json,fgp-customer-reviews,sections.fgp_customer_reviews_pillcase.blocks.rev_1.settings,location,"San José, Costa Rica","San José, Costa Rica",identical
templates/product.magnetic-pill-container.json,fgp-customer-reviews,sections.fgp_customer_reviews_pillcase.blocks.rev_2.settings,review,Great quality and looks a lot nicer than a typical plastic pill organizer.,Muy buena calidad y se ve mucho mejor que un pastillero de plástico común.,translated
templates/product.magnetic-pill-container.json,fgp-customer-reviews,sections.fgp_customer_reviews_pillcase.blocks.rev_2.settings,name,Jorge S.,Jorge S.,identical
templates/product.magnetic-pill-container.json,fgp-customer-reviews,sections.fgp_customer_reviews_pillcase.blocks.rev_2.settings,location,"Alajuela, Costa Rica","Alajuela, Costa Rica",identical
templates/product.magnetic-pill-container.json,related-products,sections.related-products.settings,heading,You may also like,También te puede gustar,translated
templates/product.stressbiotic.json,main-product,sections.main.blocks.vendor.settings,text,{{ product.vendor }},{{ product.vendor }},identical
templates/product.stressbiotic.json,main-product,sections.main.blocks.tab_dosage.settings,heading,Dosage,Dosis,translated
templates/product.stressbiotic.json,main-product,sections.main.blocks.tab_dosage.settings,content,"<p>Take 2 capsules once a day, preferably with a meal.</p>","<p>Toma 2 cápsulas una vez al día, preferiblemente con una comida.</p>",translated
templates/product.stressbiotic.json,main-product,sections.main.blocks.tab_shipping.settings,heading,Shipping,Envíos,translated
templates/product.stressbiotic.json,main-product,sections.main.blocks.tab_shipping.settings,content,<p>Free shipping on orders over $50. Standard delivery 3–5 business days.</p>,<p>Envío gratis en pedidos superiores a $50. Entrega estándar de 3 a 5 días hábiles.</p>,translated
templates/product.stressbiotic.json,main-product,sections.main.blocks.tab_returns.settings,heading,Return policy,Política de devoluciones,translated
templates/product.stressbiotic.json,main-product,sections.main.blocks.tab_returns.settings,content,"<p>We offer a 30-day satisfaction guarantee. If you're not happy, contact us for a full refund.</p>","<p>Ofrecemos una garantía de satisfacción de 30 días. Si no quedas conforme, contáctanos para un reembolso completo.</p>",translated
templates/product.stressbiotic.json,main-product,sections.main.blocks.share.settings,share_label,Share,Compartir,translated
templates/product.stressbiotic.json,fgp-product-benefits,sections.fgp_ingredients.settings,heading,Formulated with the Best Ingredients,Formulado con los mejores ingredientes,translated
templates/product.stressbiotic.json,fgp-product-benefits,sections.fgp_ingredients.blocks.ing_1.settings,label,Psychobiotic Postbiotics,Postbióticos psicobióticos,translated
templates/product.stressbiotic.json,fgp-product-benefits,sections.fgp_ingredients.blocks.ing_1.settings,sublabel,Modulates gut brain axis,Modula el eje intestino-cerebro,translated
templates/product.stressbiotic.json,fgp-product-benefits,sections.fgp_ingredients.blocks.ing_2.settings,label,Bateriophage Prebiotic,Prebiótico de bacteriófagos,translated
templates/product.stressbiotic.json,fgp-product-benefits,sections.fgp_ingredients.blocks.ing_2.settings,sublabel,Supports gut health,Apoya la salud intestinal,translated
templates/product.stressbiotic.json,fgp-product-benefits,sections.fgp_ingredients.blocks.ing_3.settings,label,Ashwaganda,Ashwagandha,translated
templates/product.stressbiotic.json,fgp-product-benefits,sections.fgp_ingredients.blocks.ing_3.settings,sublabel,Adaptogen. Regulates stress,Adaptógeno. Regula el estrés,translated
templates/product.stressbiotic.json,fgp-product-benefits,sections.fgp_ingredients.blocks.ing_4.settings,label,Enzyme Blend,Mezcla de enzimas,translated
templates/product.stressbiotic.json,fgp-product-benefits,sections.fgp_ingredients.blocks.ing_4.settings,sublabel,Broad spectrum for carbohydrate fat and protein digestion,"Amplio espectro para la digestión de carbohidratos, grasas y proteínas",translated
templates/product.stressbiotic.json,related-products,sections.related-products.settings,heading,You may also like,También te puede gustar,translated
templates/product.stressbiotic.json,fgp-benefits-banner,sections.fgp_benefits_banner.settings,heading,"Your journey to wellness, stress, mental health, and adaptability","Tu camino hacia el bienestar, el manejo del estrés, la salud mental y la adaptabilidad",translated
templates/product.stressbiotic.json,fgp-benefits-banner,sections.fgp_benefits_banner.settings,subtext,"Your gut-brain connection supported — a plant-based psychobiotic formulated to reduce stress, improve sleep, and support digestive health.","Apoyo para tu conexión intestino-cerebro: un psicobiótico de origen vegetal formulado para reducir el estrés, mejorar el sueño y favorecer la salud digestiva.",translated
templates/product.stressbiotic.json,fgp-benefits-banner,sections.fgp_benefits_banner.blocks.ben_1.settings,label,Improves sleep,Mejora el sueño,translated
templates/product.stressbiotic.json,fgp-benefits-banner,sections.fgp_benefits_banner.blocks.ben_2.settings,label,Reduce Stress,Reduce el estrés,translated
templates/product.stressbiotic.json,fgp-benefits-banner,sections.fgp_benefits_banner.blocks.ben_3.settings,label,Supports Gut Health,Apoya la salud intestinal,translated
templates/product.stressbiotic.json,fgp-benefits-banner,sections.fgp_benefits_banner.blocks.ben_4.settings,label,Adaptogen and Psychobiotic,Adaptógeno y psicobiótico,translated
templates/product.stressbiotic.json,fgp-benefits-banner,sections.fgp_benefits_banner.blocks.ben_5.settings,label,Supports IBS Patients,Apoya a pacientes con SII,translated
templates/product.stressbiotic.json,fgp-comparison-table,sections.fgp_comparison_table.settings,eyebrow,SEE THE DIFFERENCE,NOTA LA DIFERENCIA,translated
templates/product.stressbiotic.json,fgp-comparison-table,sections.fgp_comparison_table.settings,heading,How Stressbiotic® Compares,Cómo se compara Stressbiotic®,translated
templates/product.stressbiotic.json,fgp-comparison-table,sections.fgp_comparison_table.settings,col_feature,Feature,Característica,translated
templates/product.stressbiotic.json,fgp-comparison-table,sections.fgp_comparison_table.settings,col_ours,Stressbiotic®,Stressbiotic®,translated
templates/product.stressbiotic.json,fgp-comparison-table,sections.fgp_comparison_table.settings,col_other,Other Products,Otros productos,translated
templates/product.stressbiotic.json,fgp-comparison-table,sections.fgp_comparison_table.blocks.row_1.settings,feature,Digestive Enzymes,Enzimas digestivas,translated
templates/product.stressbiotic.json,fgp-comparison-table,sections.fgp_comparison_table.blocks.row_1.settings,our_value,Stressbiotic®,Stressbiotic®,translated
templates/product.stressbiotic.json,fgp-comparison-table,sections.fgp_comparison_table.blocks.row_1.settings,other_value,Digestive Enzymes,Enzimas digestivas,translated
templates/product.stressbiotic.json,fgp-comparison-table,sections.fgp_comparison_table.blocks.row_2.settings,feature,Probiotic Strains,Cepas probióticas,translated
templates/product.stressbiotic.json,fgp-comparison-table,sections.fgp_comparison_table.blocks.row_2.settings,our_value,5 Strains,5 cepas,translated
templates/product.stressbiotic.json,fgp-comparison-table,sections.fgp_comparison_table.blocks.row_3.settings,feature,Prebiotics,Prebióticos,translated
templates/product.stressbiotic.json,fgp-comparison-table,sections.fgp_comparison_table.blocks.row_4.settings,feature,Postbiotics,Postbióticos,translated
templates/product.stressbiotic.json,fgp-comparison-table,sections.fgp_comparison_table.blocks.row_5.settings,feature,Adaptogen,Adaptógeno,translated
templates/product.stressbiotic.json,fgp-comparison-table,sections.fgp_comparison_table.blocks.row_6.settings,feature,Patented Ingredients,Ingredientes patentados,translated
templates/product.stressbiotic.json,fgp-comparison-table,sections.fgp_comparison_table.blocks.row_6.settings,our_value,3 Included,3 incluidos,translated
templates/product.stressbiotic.json,fgp-comparison-table,sections.fgp_comparison_table.blocks.row_6.settings,other_value,Does not include patents,No incluye patentes,translated
templates/product.stressbiotic.json,fgp-comparison-table,sections.fgp_comparison_table.blocks.row_7.settings,feature,Stress + sleep actions,Acción sobre estrés y sueño,translated
templates/product.stressbiotic.json,fgp-comparison-table,sections.fgp_comparison_table.blocks.row_7.settings,our_value,Upto-proliferating,De alta proliferación,translated
templates/product.stressbiotic.json,fgp-comparison-table,sections.fgp_comparison_table.blocks.row_7.settings,other_value,Only strains to sleep,Solo cepas para el sueño,translated
templates/product.stressbiotic.json,fgp-comparison-table,sections.fgp_comparison_table.blocks.row_8.settings,feature,Refrigeration required,Requiere refrigeración,translated
templates/product.stressbiotic.json,fgp-comparison-table,sections.fgp_comparison_table.blocks.row_8.settings,our_value,No refrigeration needed,No requiere refrigeración,translated
templates/product.stressbiotic.json,fgp-comparison-table,sections.fgp_comparison_table.blocks.row_8.settings,other_value,No refrigeration needed,No requiere refrigeración,translated
templates/product.stressbiotic.json,fgp-comparison-table,sections.fgp_comparison_table.blocks.row_9.settings,feature,Serving / Supply,Porción / Duración,translated
templates/product.stressbiotic.json,fgp-comparison-table,sections.fgp_comparison_table.blocks.row_9.settings,our_value,"2 caps/day, 30 servings","2 cápsulas/día, 30 porciones",translated
templates/product.stressbiotic.json,fgp-comparison-table,sections.fgp_comparison_table.blocks.row_9.settings,other_value,1 to 3 capsules a day,1 a 3 cápsulas al día,translated
templates/product.stressbiotic.json,fgp-for-you,sections.fgp_for_you.settings,eyebrow,FIND YOUR FIT,ENCUENTRA TU FÓRMULA,translated
templates/product.stressbiotic.json,fgp-for-you,sections.fgp_for_you.settings,heading,Is Stressbiotic® For You?,¿Stressbiotic® es para ti?,translated
templates/product.stressbiotic.json,fgp-for-you,sections.fgp_for_you.blocks.p_1.settings,for_label,FOR,PARA,translated
templates/product.stressbiotic.json,fgp-for-you,sections.fgp_for_you.blocks.p_1.settings,title,Business people,Profesionales y ejecutivos,translated
templates/product.stressbiotic.json,fgp-for-you,sections.fgp_for_you.blocks.p_1.settings,description,Stressbiotic addresses the gut-brain axis so performance doesn't come at the cost of gut health.,Stressbiotic actúa sobre el eje intestino-cerebro para que el rendimiento no cueste tu salud intestinal.,translated
templates/product.stressbiotic.json,fgp-for-you,sections.fgp_for_you.blocks.p_1.settings,tags,"Cortisol support, Focus","Apoyo al cortisol, concentración",translated
templates/product.stressbiotic.json,fgp-for-you,sections.fgp_for_you.blocks.p_2.settings,for_label,FOR,PARA,translated
templates/product.stressbiotic.json,fgp-for-you,sections.fgp_for_you.blocks.p_2.settings,title,IBS patients,Pacientes con SII,translated
templates/product.stressbiotic.json,fgp-for-you,sections.fgp_for_you.blocks.p_2.settings,description,Clinically studied strains that soothe the gut and ease IBS symptoms day by day.,Cepas clínicamente estudiadas que calman el intestino y alivian los síntomas del SII día a día.,translated
templates/product.stressbiotic.json,fgp-for-you,sections.fgp_for_you.blocks.p_2.settings,tags,"Gut health, Microbiome","Salud intestinal, microbiota",translated
templates/product.stressbiotic.json,fgp-for-you,sections.fgp_for_you.blocks.p_3.settings,for_label,FOR,PARA,translated
templates/product.stressbiotic.json,fgp-for-you,sections.fgp_for_you.blocks.p_3.settings,title,Very stressed people,Personas con mucho estrés,translated
templates/product.stressbiotic.json,fgp-for-you,sections.fgp_for_you.blocks.p_3.settings,description,Adaptogens and psychobiotics work together to calm your nervous system from within.,Los adaptógenos y psicobióticos trabajan juntos para calmar tu sistema nervioso desde adentro.,translated
templates/product.stressbiotic.json,fgp-for-you,sections.fgp_for_you.blocks.p_3.settings,tags,"Stress relief, Adaptogen","Alivio del estrés, adaptógeno",translated
templates/product.stressbiotic.json,fgp-for-you,sections.fgp_for_you.blocks.p_4.settings,for_label,FOR,PARA,translated
templates/product.stressbiotic.json,fgp-for-you,sections.fgp_for_you.blocks.p_4.settings,title,Sleep-troubled people,Personas con problemas de sueño,translated
templates/product.stressbiotic.json,fgp-for-you,sections.fgp_for_you.blocks.p_4.settings,description,Formulated with strains clinically linked to improved sleep quality and duration.,Formulado con cepas vinculadas clínicamente a una mejor calidad y duración del sueño.,translated
templates/product.stressbiotic.json,fgp-for-you,sections.fgp_for_you.blocks.p_4.settings,tags,"Sleep, Recovery","Sueño, recuperación",translated
templates/product.stressbiotic.json,fgp-products-grid,sections.fgp_products_grid.settings,heading,Your Gut's New Best Friends,Los nuevos mejores amigos de tu intestino,translated
templates/product.stressbiotic.json,fgp-products-grid,sections.fgp_products_grid.settings,cta_label,Shop Now,Comprar ahora,translated
templates/product.stressbiotic.json,fgp-products-grid,sections.fgp_products_grid.blocks.prod_1.settings,eyebrow,DIGESTIVE ENZYMES,ENZIMAS DIGESTIVAS,translated
templates/product.stressbiotic.json,fgp-products-grid,sections.fgp_products_grid.blocks.prod_1.settings,placeholder_title,Product name,Nombre del producto,translated
templates/product.stressbiotic.json,fgp-products-grid,sections.fgp_products_grid.blocks.prod_1.settings,cta_label,Shop Now,Comprar ahora,translated
templates/product.stressbiotic.json,fgp-products-grid,sections.fgp_products_grid.blocks.prod_2.settings,eyebrow,DIGESTIVE ENZYMES,ENZIMAS DIGESTIVAS,translated
templates/product.stressbiotic.json,fgp-products-grid,sections.fgp_products_grid.blocks.prod_2.settings,placeholder_title,Product name,Nombre del producto,translated
templates/product.stressbiotic.json,fgp-products-grid,sections.fgp_products_grid.blocks.prod_2.settings,cta_label,Shop Now,Comprar ahora,translated
templates/product.stressbiotic.json,fgp-products-grid,sections.fgp_products_grid.blocks.prod_3.settings,eyebrow,DIGESTIVE ENZYMES,ENZIMAS DIGESTIVAS,translated
templates/product.stressbiotic.json,fgp-products-grid,sections.fgp_products_grid.blocks.prod_3.settings,placeholder_title,Product name,Nombre del producto,translated
templates/product.stressbiotic.json,fgp-products-grid,sections.fgp_products_grid.blocks.prod_3.settings,cta_label,Shop Now,Comprar ahora,translated
templates/product.stressbiotic.json,fgp-video,sections.fgp_video.settings,alt,Feel Good Pharma — Stressbiotic lifestyle video,Feel Good Pharma — video de estilo de vida Stressbiotic,translated
templates/product.stressbiotic.json,fgp-product-faq,sections.fgp_product_faq.settings,eyebrow,YOU'VE GOT QUESTIONS?,¿TIENES PREGUNTAS?,translated
templates/product.stressbiotic.json,fgp-product-faq,sections.fgp_product_faq.settings,heading,We've Got Answers,Tenemos las respuestas,translated
templates/product.stressbiotic.json,fgp-product-faq,sections.fgp_product_faq.blocks.faq_1.settings,question,What is the recommended dosage?,¿Cuál es la dosis recomendada?,translated
templates/product.stressbiotic.json,fgp-product-faq,sections.fgp_product_faq.blocks.faq_1.settings,answer,"<p>Take 2 capsules once a day, preferably with a meal.</p>","<p>Toma 2 cápsulas una vez al día, preferiblemente con una comida.</p>",translated
templates/product.stressbiotic.json,fgp-product-faq,sections.fgp_product_faq.blocks.faq_2.settings,question,How long before I see results?,¿Cuánto tarda en verse resultados?,translated
templates/product.stressbiotic.json,fgp-product-faq,sections.fgp_product_faq.blocks.faq_2.settings,answer,<p>Most customers notice improvements within 2–4 weeks of consistent daily use.</p>,<p>La mayoría de los clientes nota mejoras entre 2 y 4 semanas de uso diario constante.</p>,translated
templates/product.stressbiotic.json,fgp-product-faq,sections.fgp_product_faq.blocks.faq_3.settings,question,Is it safe for long-term use?,¿Es seguro para uso prolongado?,translated
templates/product.stressbiotic.json,fgp-product-faq,sections.fgp_product_faq.blocks.faq_3.settings,answer,"<p>Yes. Stressbiotic is formulated with safe, natural ingredients designed for daily, long-term use.</p>","<p>Sí. Stressbiotic está formulado con ingredientes naturales y seguros, diseñados para uso diario y prolongado.</p>",translated
templates/product.stressbiotic.json,fgp-product-faq,sections.fgp_product_faq.blocks.faq_4.settings,question,Does it need refrigeration?,¿Necesita refrigeración?,translated
templates/product.stressbiotic.json,fgp-product-faq,sections.fgp_product_faq.blocks.faq_4.settings,answer,"<p>No. Store in a cool, dry place away from direct sunlight.</p>","<p>No. Consérvalo en un lugar fresco y seco, lejos de la luz solar directa.</p>",translated
templates/product.stressbiotic.json,fgp-doctor-testimonials,sections.fgp_doctor_testimonials.settings,eyebrow,TRUSTED BY PROFESSIONALS,RESPALDADO POR PROFESIONALES,translated
templates/product.stressbiotic.json,fgp-doctor-testimonials,sections.fgp_doctor_testimonials.settings,heading,Recommended by Doctors,Recomendado por médicos,translated
templates/product.stressbiotic.json,fgp-doctor-testimonials,sections.fgp_doctor_testimonials.blocks.doc_1.settings,name,Dr. Name Lastname,Dr. Nombre Apellido,translated
templates/product.stressbiotic.json,fgp-doctor-testimonials,sections.fgp_doctor_testimonials.blocks.doc_1.settings,specialty,Gastroenterologist,Gastroenterólogo,translated
templates/product.stressbiotic.json,fgp-doctor-testimonials,sections.fgp_doctor_testimonials.blocks.doc_1.settings,quote,I recommend Stressbiotic to my patients for its complete and scientifically backed formulation.,Recomiendo Stressbiotic a mis pacientes por su formulación completa y respaldada científicamente.,translated
templates/product.stressbiotic.json,fgp-doctor-testimonials,sections.fgp_doctor_testimonials.blocks.doc_2.settings,name,Dr. Name Lastname,Dr. Nombre Apellido,translated
templates/product.stressbiotic.json,fgp-doctor-testimonials,sections.fgp_doctor_testimonials.blocks.doc_2.settings,specialty,Internal Medicine,Medicina interna,translated
templates/product.stressbiotic.json,fgp-doctor-testimonials,sections.fgp_doctor_testimonials.blocks.doc_2.settings,quote,A trusted product with transparent ingredient labeling and proven clinical results.,"Un producto confiable, con etiquetado transparente de ingredientes y resultados clínicos comprobados.",translated
templates/product.stressbiotic.json,fgp-doctor-testimonials,sections.fgp_doctor_testimonials.blocks.doc_3.settings,name,Dr. Name Lastname,Dr. Nombre Apellido,translated
templates/product.stressbiotic.json,fgp-doctor-testimonials,sections.fgp_doctor_testimonials.blocks.doc_3.settings,specialty,Nutritionist,Nutricionista,translated
templates/product.stressbiotic.json,fgp-doctor-testimonials,sections.fgp_doctor_testimonials.blocks.doc_3.settings,quote,The combination of adaptogens and psychobiotics is exactly what my stressed patients need.,La combinación de adaptógenos y psicobióticos es justo lo que necesitan mis pacientes con estrés.,translated
templates/product.stressbiotic.json,fgp-customer-reviews,sections.fgp_customer_reviews.settings,eyebrow,WHAT OUR CUSTOMERS SAY,LO QUE DICEN NUESTROS CLIENTES,translated
templates/product.stressbiotic.json,fgp-customer-reviews,sections.fgp_customer_reviews.settings,heading,Loved by Customers,Preferido por los clientes,translated
templates/product.stressbiotic.json,fgp-customer-reviews,sections.fgp_customer_reviews.blocks.rev_1.settings,review,I've been using Stressbiotic for 6 weeks and my stress levels have dropped noticeably. I sleep so much better now!,Llevo 6 semanas usando Stressbiotic y mis niveles de estrés han bajado notablemente. ¡Ahora duermo mucho mejor!,translated
templates/product.stressbiotic.json,fgp-customer-reviews,sections.fgp_customer_reviews.blocks.rev_1.settings,name,Valeria Muñoz,Valeria Muñoz,identical
templates/product.stressbiotic.json,fgp-customer-reviews,sections.fgp_customer_reviews.blocks.rev_1.settings,location,"San José, Costa Rica","San José, Costa Rica",identical
templates/product.stressbiotic.json,fgp-customer-reviews,sections.fgp_customer_reviews.blocks.rev_2.settings,review,Great Flavors,Muy buen sabor,translated
templates/product.stressbiotic.json,fgp-customer-reviews,sections.fgp_customer_reviews.blocks.rev_2.settings,name,Diana Torres,Diana Torres,identical
templates/product.stressbiotic.json,fgp-customer-reviews,sections.fgp_customer_reviews.blocks.rev_2.settings,location,"Alajuela, Costa Rica","Alajuela, Costa Rica",identical
templates/product.stressbiotic.json,fgp-customer-reviews,sections.fgp_customer_reviews.blocks.rev_3.settings,review,Easy to Use,Fácil de usar,translated
templates/product.stressbiotic.json,fgp-customer-reviews,sections.fgp_customer_reviews.blocks.rev_3.settings,name,Sofía López,Sofía López,identical
templates/product.stressbiotic.json,fgp-customer-reviews,sections.fgp_customer_reviews.blocks.rev_3.settings,location,"Heredia, Costa Rica","Heredia, Costa Rica",identical
templates/product.stressbiotic.json,fgp-customer-reviews,sections.fgp_customer_reviews.blocks.rev_4.settings,review,Best Probiotic,El mejor probiótico,translated
templates/product.stressbiotic.json,fgp-customer-reviews,sections.fgp_customer_reviews.blocks.rev_4.settings,name,Marco Rodríguez,Marco Rodríguez,identical
templates/product.stressbiotic.json,fgp-customer-reviews,sections.fgp_customer_reviews.blocks.rev_4.settings,location,"Cartago, Costa Rica","Cartago, Costa Rica",identical
templates/product.synbiotic.json,main-product,sections.main.blocks.vendor.settings,text,{{ product.vendor }},{{ product.vendor }},identical
templates/product.synbiotic.json,main-product,sections.main.blocks.tab_dosage.settings,heading,Dosage,Dosis,translated
templates/product.synbiotic.json,main-product,sections.main.blocks.tab_dosage.settings,content,<p>Take 2 capsules with breakfast and 2 capsules with lunch or dinner.</p>,<p>Toma 2 cápsulas con el desayuno y 2 cápsulas con el almuerzo o la cena.</p>,translated
templates/product.synbiotic.json,main-product,sections.main.blocks.tab_shipping.settings,heading,Shipping,Envíos,translated
templates/product.synbiotic.json,main-product,sections.main.blocks.tab_shipping.settings,content,<p>Free shipping on orders over $50. Standard delivery 3–5 business days.</p>,<p>Envío gratis en pedidos superiores a $50. Entrega estándar de 3 a 5 días hábiles.</p>,translated
templates/product.synbiotic.json,main-product,sections.main.blocks.tab_returns.settings,heading,Return policy,Política de devoluciones,translated
templates/product.synbiotic.json,main-product,sections.main.blocks.tab_returns.settings,content,"<p>We offer a 30-day satisfaction guarantee. If you're not happy, contact us for a full refund.</p>","<p>Ofrecemos una garantía de satisfacción de 30 días. Si no quedas conforme, contáctanos para un reembolso completo.</p>",translated
templates/product.synbiotic.json,main-product,sections.main.blocks.share.settings,share_label,Share,Compartir,translated
templates/product.synbiotic.json,fgp-icon-strip,sections.fgp_icon_strip_NKaMTe.settings,aria_label,Product benefits,Beneficios del producto,translated
templates/product.synbiotic.json,fgp-icon-strip,sections.fgp_icon_strip_NKaMTe.blocks.item_3XyLHk.settings,label,Spore based probiotics,Probióticos a base de esporas,translated
templates/product.synbiotic.json,fgp-icon-strip,sections.fgp_icon_strip_NKaMTe.blocks.item_EXGYem.settings,label,Plant Based ingredients,Ingredientes de origen vegetal,translated
templates/product.synbiotic.json,fgp-icon-strip,sections.fgp_icon_strip_NKaMTe.blocks.item_QkGjVX.settings,label,Replenishes Beneficial Bacteria®,Repone bacterias beneficiosas®,translated
templates/product.synbiotic.json,fgp-icon-strip,sections.fgp_icon_strip_NKaMTe.blocks.item_jhTLfw.settings,label,Strengthens Gut Barrier®,Fortalece la barrera intestinal®,translated
templates/product.synbiotic.json,fgp-icon-strip,sections.fgp_icon_strip_NKaMTe.blocks.item_tBdjmK.settings,label,Improves Nutrient Absorption®,Mejora la absorción de nutrientes®,translated
templates/product.synbiotic.json,fgp-icon-strip,sections.fgp_icon_strip_NKaMTe.blocks.item_67d8Mk.settings,label,Non GMO,Sin OGM,translated
templates/product.synbiotic.json,fgp-synbiotic-spotlight,sections.fgp_synbiotic_spotlight_aNxgHJ.settings,eyebrow,DIGESTIVE ENZYMES,ENZIMAS DIGESTIVAS,translated
templates/product.synbiotic.json,fgp-synbiotic-spotlight,sections.fgp_synbiotic_spotlight_aNxgHJ.settings,title,SYNBIOTIC+,SYNBIOTIC+,translated
templates/product.synbiotic.json,fgp-synbiotic-spotlight,sections.fgp_synbiotic_spotlight_aNxgHJ.settings,sublabel,BIOTICS,BIÓTICOS,translated
templates/product.synbiotic.json,fgp-synbiotic-spotlight,sections.fgp_synbiotic_spotlight_aNxgHJ.settings,enzyme_label,18 DIGESTIVEENZYMES,18 ENZIMAS DIGESTIVAS,translated
templates/product.synbiotic.json,fgp-synbiotic-spotlight,sections.fgp_synbiotic_spotlight_aNxgHJ.settings,bottle_alt,Synbiotic+ bottle,Frasco Synbiotic+,translated
templates/product.synbiotic.json,fgp-synbiotic-spotlight,sections.fgp_synbiotic_spotlight_aNxgHJ.settings,dosage_line1,2 capsules,2 cápsulas,translated
templates/product.synbiotic.json,fgp-synbiotic-spotlight,sections.fgp_synbiotic_spotlight_aNxgHJ.settings,dosage_line2,2 times a day,2 veces al día,translated
templates/product.synbiotic.json,fgp-synbiotic-spotlight,sections.fgp_synbiotic_spotlight_aNxgHJ.settings,dosage_sub,with the main meals,con las comidas principales,translated
templates/product.synbiotic.json,fgp-synbiotic-spotlight,sections.fgp_synbiotic_spotlight_aNxgHJ.settings,note,No refrigeration required,No requiere refrigeración,translated
templates/product.synbiotic.json,fgp-synbiotic-spotlight,sections.fgp_synbiotic_spotlight_aNxgHJ.blocks.badge_XmWhhj.settings,label,PRE,PRE,translated
templates/product.synbiotic.json,fgp-synbiotic-spotlight,sections.fgp_synbiotic_spotlight_aNxgHJ.blocks.badge_rPLQiY.settings,label,PRO,PRO,translated
templates/product.synbiotic.json,fgp-synbiotic-spotlight,sections.fgp_synbiotic_spotlight_aNxgHJ.blocks.badge_MUQziH.settings,label,POST,POST,translated
templates/product.synbiotic.json,fgp-origin-card,sections.fgp_origin_card_nMkFRa.settings,heading,Formulated in Costa Rica,Formulado en Costa Rica,translated
templates/product.synbiotic.json,fgp-origin-card,sections.fgp_origin_card_nMkFRa.settings,body,<p>Manufactured in United States in facilities with FDA standards with source materials from GMP.</p>,<p>Fabricado en Estados Unidos en instalaciones con estándares de la FDA y con materias primas bajo normas GMP.</p>,translated
templates/product.synbiotic.json,fgp-origin-card,sections.fgp_origin_card_nMkFRa.settings,cta_label,Explore Ingredients,Explorar ingredientes,translated
templates/product.synbiotic.json,fgp-origin-card,sections.fgp_origin_card_nMkFRa.blocks.cert_logo_9i9QdL.settings,logo_alt,DE111 Probiotic,Probiótico DE111,translated
templates/product.synbiotic.json,fgp-origin-card,sections.fgp_origin_card_nMkFRa.blocks.cert_logo_kFiMbT.settings,logo_alt,FDA,FDA,translated
templates/product.synbiotic.json,fgp-origin-card,sections.fgp_origin_card_nMkFRa.blocks.cert_logo_kYTAjP.settings,logo_alt,GMP,GMP,translated
templates/product.synbiotic.json,fgp-origin-card,sections.fgp_origin_card_nMkFRa.blocks.cert_logo_bCWzEb.settings,logo_alt,Made in USA,Hecho en EE. UU.,translated
templates/product.synbiotic.json,fgp-how-it-works,sections.fgp_how_it_works_syn.settings,eyebrow,THE SCIENCE,LA CIENCIA,translated
templates/product.synbiotic.json,fgp-how-it-works,sections.fgp_how_it_works_syn.settings,heading,How do our formulations work?,¿Cómo funcionan nuestras formulaciones?,translated
templates/product.synbiotic.json,fgp-how-it-works,sections.fgp_how_it_works_syn.settings,cta_label,View all ingredients,Ver todos los ingredientes,translated
templates/product.synbiotic.json,fgp-how-it-works,sections.fgp_how_it_works_syn.blocks.step_1.settings,title,Prebiotics feed good bacteria,Los prebióticos alimentan las bacterias buenas,translated
templates/product.synbiotic.json,fgp-how-it-works,sections.fgp_how_it_works_syn.blocks.step_1.settings,description,"Prebiotic fibers serve as food for beneficial bacteria, helping them thrive and multiply in your gut.","Las fibras prebióticas sirven de alimento para las bacterias beneficiosas, ayudándolas a prosperar y multiplicarse en tu intestino.",translated
templates/product.synbiotic.json,fgp-how-it-works,sections.fgp_how_it_works_syn.blocks.step_2.settings,title,Probiotics replenish the microbiome,Los probióticos repueblan la microbiota,translated
templates/product.synbiotic.json,fgp-how-it-works,sections.fgp_how_it_works_syn.blocks.step_2.settings,description,"Live probiotic strains colonize the gut and restore microbial balance, supporting digestion and immunity.","Las cepas probióticas vivas colonizan el intestino y restauran el equilibrio microbiano, apoyando la digestión y la inmunidad.",translated
templates/product.synbiotic.json,fgp-how-it-works,sections.fgp_how_it_works_syn.blocks.step_3.settings,title,Postbiotics strengthen the gut barrier,Los postbióticos fortalecen la barrera intestinal,translated
templates/product.synbiotic.json,fgp-how-it-works,sections.fgp_how_it_works_syn.blocks.step_3.settings,description,"Postbiotic compounds reinforce the intestinal lining, reducing inflammation and improving nutrient absorption.","Los compuestos postbióticos refuerzan el revestimiento intestinal, reduciendo la inflamación y mejorando la absorción de nutrientes.",translated
templates/product.synbiotic.json,fgp-how-it-works,sections.fgp_how_it_works_syn.blocks.step_4.settings,title,Enzymes improve digestion,Las enzimas mejoran la digestión,translated
templates/product.synbiotic.json,fgp-how-it-works,sections.fgp_how_it_works_syn.blocks.step_4.settings,description,"18 broad-spectrum digestive enzymes break down proteins, fats, and carbohydrates efficiently, reducing bloating.","18 enzimas digestivas de amplio espectro descomponen proteínas, grasas y carbohidratos de forma eficiente, reduciendo la hinchazón.",translated
templates/product.synbiotic.json,fgp-doctor-testimonials,sections.fgp_doctor_testimonials_syn.settings,eyebrow,TRUSTED BY PROFESSIONALS,RESPALDADO POR PROFESIONALES,translated
templates/product.synbiotic.json,fgp-doctor-testimonials,sections.fgp_doctor_testimonials_syn.settings,heading,Recommended by Doctors,Recomendado por médicos,translated
templates/product.synbiotic.json,fgp-doctor-testimonials,sections.fgp_doctor_testimonials_syn.blocks.doc_1.settings,name,Dr. Name Lastname,Dr. Nombre Apellido,translated
templates/product.synbiotic.json,fgp-doctor-testimonials,sections.fgp_doctor_testimonials_syn.blocks.doc_1.settings,specialty,Gastroenterologist,Gastroenterólogo,translated
templates/product.synbiotic.json,fgp-doctor-testimonials,sections.fgp_doctor_testimonials_syn.blocks.doc_1.settings,quote,I recommend SYNBIOTIC+ to my patients for its complete and scientifically backed formulation.,Recomiendo SYNBIOTIC+ a mis pacientes por su formulación completa y respaldada científicamente.,translated
templates/product.synbiotic.json,fgp-doctor-testimonials,sections.fgp_doctor_testimonials_syn.blocks.doc_2.settings,name,Dr. Name Lastname,Dr. Nombre Apellido,translated
templates/product.synbiotic.json,fgp-doctor-testimonials,sections.fgp_doctor_testimonials_syn.blocks.doc_2.settings,specialty,Internal Medicine,Medicina interna,translated
templates/product.synbiotic.json,fgp-doctor-testimonials,sections.fgp_doctor_testimonials_syn.blocks.doc_2.settings,quote,A trusted product with transparent ingredient labeling and proven clinical results.,"Un producto confiable, con etiquetado transparente de ingredientes y resultados clínicos comprobados.",translated
templates/product.synbiotic.json,fgp-doctor-testimonials,sections.fgp_doctor_testimonials_syn.blocks.doc_3.settings,name,Dr. Name Lastname,Dr. Nombre Apellido,translated
templates/product.synbiotic.json,fgp-doctor-testimonials,sections.fgp_doctor_testimonials_syn.blocks.doc_3.settings,specialty,Nutritionist,Nutricionista,translated
templates/product.synbiotic.json,fgp-doctor-testimonials,sections.fgp_doctor_testimonials_syn.blocks.doc_3.settings,quote,"The combination of pre, pro, and postbiotics with enzymes is exactly what my patients need.","La combinación de pre, pro y postbióticos con enzimas es justo lo que necesitan mis pacientes.",translated
templates/product.synbiotic.json,fgp-product-faq,sections.fgp_product_faq_syn.settings,eyebrow,GOT QUESTIONS?,¿TIENES PREGUNTAS?,translated
templates/product.synbiotic.json,fgp-product-faq,sections.fgp_product_faq_syn.settings,heading,Frequently Asked Questions,Preguntas frecuentes,translated
templates/product.synbiotic.json,fgp-product-faq,sections.fgp_product_faq_syn.blocks.faq_1.settings,question,How do I take SYNBIOTIC+?,¿Cómo tomo SYNBIOTIC+?,translated
templates/product.synbiotic.json,fgp-product-faq,sections.fgp_product_faq_syn.blocks.faq_1.settings,answer,"<p>Take 2 capsules 3 times a day with meals. For best results, take consistently every day.</p>","<p>Toma 2 cápsulas 3 veces al día con las comidas. Para mejores resultados, tómalo todos los días de forma constante.</p>",translated
templates/product.synbiotic.json,fgp-product-faq,sections.fgp_product_faq_syn.blocks.faq_2.settings,question,Does it need refrigeration?,¿Necesita refrigeración?,translated
templates/product.synbiotic.json,fgp-product-faq,sections.fgp_product_faq_syn.blocks.faq_2.settings,answer,"<p>No refrigeration needed. Store in a cool, dry place away from direct sunlight.</p>","<p>No requiere refrigeración. Consérvalo en un lugar fresco y seco, lejos de la luz solar directa.</p>",translated
templates/product.synbiotic.json,fgp-product-faq,sections.fgp_product_faq_syn.blocks.faq_3.settings,question,When will I start feeling results?,¿Cuándo empezaré a notar resultados?,translated
templates/product.synbiotic.json,fgp-product-faq,sections.fgp_product_faq_syn.blocks.faq_3.settings,answer,"<p>Most customers notice improvements within 2–4 weeks of consistent use, though results may vary.</p>","<p>La mayoría de los clientes nota mejoras entre 2 y 4 semanas de uso constante, aunque los resultados pueden variar.</p>",translated
templates/product.synbiotic.json,fgp-product-faq,sections.fgp_product_faq_syn.blocks.faq_4.settings,question,Is it safe for long-term use?,¿Es seguro para uso prolongado?,translated
templates/product.synbiotic.json,fgp-product-faq,sections.fgp_product_faq_syn.blocks.faq_4.settings,answer,"<p>Yes. SYNBIOTIC+ is formulated with safe, natural ingredients designed for daily, long-term use.</p>","<p>Sí. SYNBIOTIC+ está formulado con ingredientes naturales y seguros, diseñados para uso diario y prolongado.</p>",translated
templates/product.synbiotic.json,fgp-product-faq,sections.fgp_product_faq_syn.blocks.faq_5.settings,question,Who should take SYNBIOTIC+?,¿Quién debería tomar SYNBIOTIC+?,translated
templates/product.synbiotic.json,fgp-product-faq,sections.fgp_product_faq_syn.blocks.faq_5.settings,answer,"<p>SYNBIOTIC+ is ideal for adults looking to improve digestive health, strengthen immunity, and restore gut balance. Consult your doctor if you are pregnant, nursing, or have a medical condition.</p>","<p>SYNBIOTIC+ es ideal para adultos que buscan mejorar la salud digestiva, fortalecer la inmunidad y restaurar el equilibrio intestinal. Consulta a tu médico si estás embarazada, en período de lactancia o tienes alguna condición médica.</p>",translated
templates/product.synbiotic.json,fgp-customer-reviews,sections.fgp_customer_reviews_syn.settings,eyebrow,WHAT OUR CUSTOMERS SAY,LO QUE DICEN NUESTROS CLIENTES,translated
templates/product.synbiotic.json,fgp-customer-reviews,sections.fgp_customer_reviews_syn.settings,heading,Loved by Customers,Preferido por los clientes,translated
templates/product.synbiotic.json,fgp-customer-reviews,sections.fgp_customer_reviews_syn.blocks.rev_1.settings,review,I've been using Synbiotic+ for 3 months and my digestion has improved tremendously. I have more energy and feel incredible!,Llevo 3 meses usando Synbiotic+ y mi digestión ha mejorado muchísimo. Tengo más energía y me siento increíble.,translated
templates/product.synbiotic.json,fgp-customer-reviews,sections.fgp_customer_reviews_syn.blocks.rev_1.settings,name,Maria G.,Maria G.,identical
templates/product.synbiotic.json,fgp-customer-reviews,sections.fgp_customer_reviews_syn.blocks.rev_1.settings,location,"San José, Costa Rica","San José, Costa Rica",identical
templates/product.synbiotic.json,fgp-customer-reviews,sections.fgp_customer_reviews_syn.blocks.rev_2.settings,review,No more bloating after meals. I was skeptical at first but this product truly works. Highly recommend!,"Se acabó la hinchazón después de comer. Al principio era escéptica, pero este producto de verdad funciona. ¡Muy recomendado!",translated
templates/product.synbiotic.json,fgp-customer-reviews,sections.fgp_customer_reviews_syn.blocks.rev_2.settings,name,Carlos M.,Carlos M.,identical
templates/product.synbiotic.json,fgp-customer-reviews,sections.fgp_customer_reviews_syn.blocks.rev_2.settings,location,"Cartago, Costa Rica","Cartago, Costa Rica",identical
templates/product.synbiotic.json,fgp-customer-reviews,sections.fgp_customer_reviews_syn.blocks.rev_3.settings,review,Finally a probiotic that actually delivers results. My gut health has never been better.,Por fin un probiótico que da resultados de verdad. Mi salud intestinal nunca ha estado mejor.,translated
templates/product.synbiotic.json,fgp-customer-reviews,sections.fgp_customer_reviews_syn.blocks.rev_3.settings,name,Ana R.,Ana R.,identical
templates/product.synbiotic.json,fgp-customer-reviews,sections.fgp_customer_reviews_syn.blocks.rev_3.settings,location,"Heredia, Costa Rica","Heredia, Costa Rica",identical
templates/product.synbiotic.json,video,sections.video_fzzDHA.settings,heading,Video,Video,translated
templates/product.synbiotic.json,related-products,sections.related-products.settings,heading,You may also like,También te puede gustar,translated
sections/footer-group.json,fgp-footer,sections.fgp_footer.settings,address,"Plaza Florencia
Escazú, Costa Rica","Plaza Florencia
Escazú, Costa Rica",identical
sections/footer-group.json,fgp-footer,sections.fgp_footer.settings,hours,"Mon – Fri 8 a.m. – 8 p.m.
Sat – Sun 9 a.m. – 4 p.m.","Lun – Vie 8 a.m. – 8 p.m.
Sáb – Dom 9 a.m. – 4 p.m.",translated
sections/footer-group.json,fgp-footer,sections.fgp_footer.settings,menu_1_heading,Company,Empresa,translated
sections/footer-group.json,fgp-footer,sections.fgp_footer.settings,menu_2_heading,Resources,Recursos,translated
sections/footer-group.json,fgp-footer,sections.fgp_footer.settings,nl_subtext,Sign up for our newsletter and receive 5% off your first order,Suscríbete a nuestro boletín y recibe un 5% de descuento en tu primera compra,translated
sections/footer-group.json,fgp-footer,sections.fgp_footer.settings,nl_consent,I agree to receiving marketing emails and special deals,Acepto recibir correos de marketing y ofertas especiales,translated
sections/header-group.json,announcement-bar,sections.announcement-bar.blocks.announcement_pVWTkj.settings,text,Now available for shipping in the U.S 🇺🇸,Ya disponible con envío a EE. UU. 🇺🇸,translated
